include,system,tin,entity_type,entity,npis_cigna,npis_aetna,note,business_names_in_payer_files,in_target_list,target_names,nppes_orgs,nppes_states,nppes_sample
Y,Montefiore,131740114,hospital,Montefiore Medical Center,3596,11,,MONTEFIORE HOME HEALTH AGENCY; MONTEFIORE MEDICAL CENTER; MONTEFIORE MEDICAL CENTER NORTH DIVISION; MONTEFIORE MEDICAL GROUP - CO-OP CITY; MONTEFIORE MEDICAL GROUP-BURKE PED'S; MONTEFIORE MEDICAL GROUP/S RIVERDAL; MONTEFIORE NORTH PHYSICIANS; MONTEFIORE WESTCHESTER SQUARE; MONTEFIORE-GERIATRIC AMBULATORY PRACTICE,21/4963,MONTEFIORE MEDICAL CENTER x18; MOUNT SINAI SCHOOL OF MEDICINE x1; MONTEFIORE MEDICAL CENTER JACK D WEILER HOSPITAL x1,MONTEFIORE MEDICAL CENTER x1,"NY6,1,OH1","(not in NPPES) [,  ] | KIM, YU HYON [Ophthalmology, HIGHLAND HILLS OH] | MIR, ADNAN [Dermatology, WHITE PLAINS NY]"
Y,Montefiore,462931956,hospital,Montefiore New Rochelle Hospital,222,3,,MONTEFIORE NEW ROCHELLE; MONTEFIORE NEW ROCHELLE - PROFESSIONAL BILLING,2/285,MONTEFIORE NEW ROCHELLE HOSPITAL x2,,"NY10,1,GA1","(not in NPPES) [,  ] | KUMAR, MANISH [Student in an Organized Health, OCEANSIDE NY] | CHOWDHURY, ASIF [Physician Assistant, LONG ISLAND CITY NY]"
Y,Montefiore,462916938,hospital,Montefiore Mount Vernon Hospital,172,3,,MONTEFIORE MOUNT VERNON; MONTEFIORE MOUNT VERNON - PROFESSIONAL BILLING; MONTEFIORE MOUNT VERNON HOSPITAL,2/228,MONTEFIORE MOUNT VERNON HOSPITAL x2,MONTEFIORE MOUNT VERNON HOSPITAL x1,"NY5,1,NC1","(not in NPPES) [,  ] | FASSBENDER, PHILIPP [Anesthesiology, BRONX NY] | WU, HENRY [Podiatrist, Foot & Ankle Surge, FLUSHING NY]"
Y,Montefiore,131740119,hospital,Montefiore Nyack Hospital,93,3,,MONTEFIORE NYACK HOSPITAL; NYACK HOSPITAL; NYACK HOSPITAL HOME CARE,2/120,MONTEFIORE NYACK HOSPITAL x2,,"NY9,1,KY1","(not in NPPES) [,  ] | REID, ANNALEE [Midwife, BROOKLYN NY] | MURPHY, CAROLINE [Physician Assistant, NEW ROCHELLE NY]"
Y,Montefiore,141340054,hospital,Montefiore St. Luke's Cornwall Hospital,2,3,,ST LUKES CORNWALL HOSPITAL; ST. LUKE'S CORNWALL HOSPITAL,0/11,,ST. LUKE'S CORNWALL HOSPITAL x1; ST LUKES CORNWALL HOSPITAL x1,"NY7,1","(not in NPPES) [,  ] | ST. LUKE'S CORNWALL HOSPITAL [General Acute Care Hospital, NEWBURGH NY] | CHUKWUOCHA, BENJAMIN [Psychiatry & Neurology, Psychi, NEW CITY NY]"
Y,Mount Sinai,111352310,hospital,Mount Sinai South Nassau,111,7,,SOUTH NASSAU COMMUNITIES HOSPITAL; SOUTH NASSAU COMMUNITY HOSPITAL EKG CARDIOLOGY; SOUTH NASSAU HOSPITAL HOME CARE; SOUTH NASSAU PATHOLOGY,0/190,,,"NY11,1","(not in NPPES) [,  ] | KC, PARBATI [Nurse Practitioner, Family, OCEANSIDE NY] | WEINSTOCK, DAVID [Specialist, LYNBROOK NY]"
Y,Mount Sinai,131624096,hospital,The Mount Sinai Hospital (incl. Queens),52,10,,"MOUNT SINAI CENTER FOR CLINICAL LABORATORIES; MOUNT SINAI HOSPITAL; MOUNT SINAI HOSPITAL OF QUEENS; MOUNT SINAI HOSPITAL QUEENS, IM GROUP; MOUNT SINAI MEDICAL CENTER; MOUNT SINAI MSMC DIALYSIS CENTER; MT. SINAI SURGERY",14/74,MOUNT SINAI HOSPITAL x10; THE MOUNT SINAI HOSPITAL x1; MOUNT SINAI HOSPITAL PHARMACY x1,THE MOUNT SINAI HOSPITAL x2; MOUNT SINAI HOSPITAL x2,NY8,"CHOWDHURY, ASIF [Physician Assistant, LONG ISLAND CITY NY] | WANG, JENNIFER [Physician Assistant, ASTORIA NY] | THE MOUNT SINAI HOSPITAL [General Acute Care Hospital, LONG ISLAND CITY NY]"
Y,Mount Sinai,135564934,hospital,Mount Sinai Beth Israel,36,5,,BETH ISRAEL MEDICAL CENTER; BETH ISRAEL MEDICAL CENTER RADIOLOGY; MOUNT SINAI BETH ISRAEL; MOUNT SINAI BI BROOKLYN,0/71,,BETH ISRAEL MEDICAL CENTER x1,"NY5,1,FL1","(not in NPPES) [,  ] | BETH ISRAEL MEDICAL CENTER [Psychiatric Unit, NEW YORK NY] | EDWARDS, DONNA [Radiology, Diagnostic Radiolog, SUMTERVILLE FL]"
Y,Mount Sinai,132997301,hospital,Mount Sinai Morningside / Mount Sinai West,0,5,,MOUNT SINAI HOME INFUSION; MOUNT SINAI MORNINGSIDE; MOUNT SINAI-WEST,2/31,MOUNT SINAI WEST x1; ST LUKES ROOSEVELT HOSPITAL CENTER x1,ST LUKES ROOSEVELT HOSPITAL CENTER x1,"NY6,1,NJ1","(not in NPPES) [,  ] | KANCHERLA, PUSHPA [Pathology, Anatomic Pathology , EAST MEADOW NY] | MODICA, IPPOLITO [Pathology, Anatomic Pathology , NEW YORK NY]"
Y,Mount Sinai,135562304,hospital,New York Eye and Ear Infirmary of Mount Sinai,0,1,,NEW YORK EYE AND EAR INFIRMARY OF MOUNT SINAI,0/2,,NEW YORK EYE & EAR INFIRMARY x1,"NY1,NC1","NEW YORK EYE & EAR INFIRMARY [Special Hospital, NEW YORK CITY NY] | HARTZELL, MATTHEW [Psychiatry & Neurology, Psychi, CHARLOTTE NC]"
Y,Mount Sinai,611661781,physician group,Icahn School of Medicine faculty practice,3725,26,,ALLERGY/IMMUNOLOGY DEPT OF MOUNT SINAI; BISLR MEDICAL GROUPS OF MOUNT SINAI; CARDIO VASCULAR INSTITUTE DEPT OF MT SINAI; CARDIOLOGY DEPT OF MOUNT SINAI; CARDIOTHORACIC SURGERY DEPT OF MT. SINAI; CARDIOVASCULAR DISEASE DEPT OF MOUNT SINAI; DENTAL DEPT OF MT SINAI; DERMATOLOGY DEPT OF MOUNT SINAI; ENDOCRINOLOGY DEPT OF MOUNT SINAI; GASTROENTEROLOGY DEPT OF MOUNT SINAI; GENETICS AND GENOMIC SCIENCES DEPT OF MT SINAI; GERIATRICS MEDICINE DEPT OF MOUNT SINAI; HEMATOLOGY DEPT OF MOUNT SINAI; ICAHN SCHOOL OF MEDICINE AT MOUNT; ICAHN SCHOOL OF MEDICINE AT MOUNT SINAI; INFECTIOUS DISEASE DEPT OF MOUNT SINAI; INTERVENTIONAL CARDIOLOGY DEPT OF MOUNT SINAI; MEDICAL ONCOLOGY DEPT OF MOUNT SINAI; MEDICINE DEPT OF MOUNT SINAI; MOUNT SINAI BROOKLYN HEIGHTS MEDICAL GROUP; MOUNT SINAI DOCTORS FACULTY PRACTICE; MOUNT SINAI QUEENS DOCTORS; MT SINAI INTERNAL MEDICINE; MT. SINAI LONG ISLAND CITY PCP; NEPHROLOGY DEPT OF MOUNT SINAI; NEUROLOGY DEPT OF MOUNT SINAI; NEUROSURGERY DEPT OF MOUNT SINAI; NY OBGYN OF MOUNT SINAI; OB/GYN DEPT OF MOUNT SINAI; OPTHALMOLOGY DEPT OF MOUNT SINAI; OTOLARYNGOLOGY DEP. OF MOUNT SINAI; PEDIATRICS DEPT OF MOUNT SINAI; PULMUNARY MEDICINE DEPT OF MOUNT SINAI; RADIATION ONCOLOGY DEPT OF MOUNT SINAI; RHEUMATOLOGY DEPT OF MOUNT SINAI; SLEEP MEDICINE DEPT OF MOUNT SINAI; SURGERY DEPT OF MOUNT SINAI; TISCH DEPARTMENT OF MOUNT SINAI; TRANSPLANT DEPT OF MOUNT SINAI; UROLOGY DEPT OF MT. SINAI,3/4186,ICAHN SCHOOL OF MEDICINE AT MOUNT SINAI x2; MOUNT SINAI SCHOOL OF MEDICINE x1,,"NY11,1","(not in NPPES) [,  ] | RAMASWAMY, RAVISHANKAR [Internal Medicine, Geriatric M, NEW YORK NY] | MEHRAZIN, REZA [Urology, NEW YORK NY]"
Y,Mount Sinai,800756169,physician group,Mount Sinai Elmhurst faculty practice,889,2,,MOUNT SINAI ELMHURST FACULTY PRACTICE GR; MT. SINAI ELMHURST FACULTY PRACTICE,14/1056,ICAHN SCHOOL OF MEDICINE AT MOUNT SINAI x14,,"NY7,1,MA1","(not in NPPES) [,  ] | EPSTEIN, JASON [Anesthesiology, NEW YORK NY] | MARU, SHEELA [Obstetrics & Gynecology, BOSTON MA]"
Y,Mount Sinai,800886397,physician group,Mount Sinai Queens faculty practice,596,8,,ANESTHESIOLOGY DEPT OF MT SINAI QUEENS; FPA HOSP BASED MT SINAI SCHOOL OF MED; MOUNT SINAI DOCTORS AT BROOKLYN HEIGHTS; MOUNT SINAI EMERGENCY DEPARTMENT; MOUNT SINAI EXPRESS CARE; MOUNT SINAI RADIOLOGY ASSOCIATES; MSHQ-ANESTHESIOLOGY DEPT OF MT SINAI; NUCLEAR MEDICINE DEPT OF MT. SINAI; PATHOLOGY HOSPITALIST- MT. SINAI; RADIOLOGY DEPT OF MT. SINAI,4/844,FPA HOSPITAL BASED x3; ICAHN SCHOOL OF MEDICINE AT MOUNT SINAI x1,,"NY8,PA2,1","(not in NPPES) [,  ] | ALI, SHAHANA [Physician Assistant, OCOEE FL] | BARANCHUK, NADIA [Student in an Organized Health, MANHASSET NY]"
Y,Mount Sinai,364734205,physician group,Mount Sinai School of Medicine,322,1,,MOUNT SINAI MARATHON MEDICAL-HOSPITALISTS; MOUNT SINAI SCHOOL OF MEDICINE,2/374,MOUNT SINAI SCHOOL OF MEDICINE x1; NORTH SHORE MEDICAL GROUP OF THE MOUNT SINAI SCHOOL OF MEDICINE x1,,"NY11,1","(not in NPPES) [,  ] | FELDER, BENJAMIN [Hospitalist, OCEANSIDE NY] | KUMAR, MANISH [Student in an Organized Health, OCEANSIDE NY]"
Y,Mount Sinai,300607904,physician group,Mount Sinai-Riverside Medical Group,184,1,,MOUNT SINAI-RIVERSIDE MEDICAL GROUP; MT. SINAI RIVERSIDE MEDICAL GROUP; MT. SINAI- RIVERSIDE MEDICAL GROUP,1/194,MOUNT SINAI SCHOOL OF MEDICINE OF NEW YORK UNIVERSITY x1,MOUNT SINAI SCHOOL OF MEDICINE OF NEW YORK UNIVERSITY x1,"NY6,PA1,FL1","KANEVSKY, ARIEL [Radiology, Diagnostic Radiolog, PHILADELPHIA PA] | ALTINMAKAS, EMRE [Radiology, Diagnostic Radiolog, NEW YORK NY] | GHESANI, NASRIN [Nuclear Medicine, NEW YORK NY]"
Y,Mount Sinai,611799994,physician group,Icahn School of Medicine,177,0,,ICAHN SCHOOL OF MEDICINE AT MOUNT SINAI,2/187,ICAHN SCHOOL OF MEDICINE AT MOUNT SINAI x2,,"NY11,KY1","PALAIA, THOMAS [Anesthesiology, Pain Medicine, FREEPORT NY] | HANSEN, GRAZIELE [Registered Nurse, NEW YORK NY] | AIYEKU, TOLANI [Nurse Anesthetist, Certified R, FLUSHING NY]"
Y,Mount Sinai,301007458,physician group,Mount Sinai Doctors Staten Island,168,1,,MT SINAI DOCTORS STATEN ISLAND MEDICINE; MT. SINAI DOCTORS STATEN ISLAND MEDICINE,0/174,,,"NY10,PA1,FL1","KANEVSKY, ARIEL [Radiology, Diagnostic Radiolog, PHILADELPHIA PA] | ALTINMAKAS, EMRE [Radiology, Diagnostic Radiolog, NEW YORK NY] | GHESANI, NASRIN [Nuclear Medicine, NEW YORK NY]"
Y,Mount Sinai,611781342,physician group,Icahn / Mount Sinai Doctors LIHA,161,1,,ICAHN SCHOOL OF MEDICINE AT MOUNT SINAI; MOUNT SINAI DOCTORS LIHA,1/171,ICAHN SCHOOL OF MEDICINE AT MOUNT SINAI x1,,"NY9,PA1,FL1","KANEVSKY, ARIEL [Radiology, Diagnostic Radiolog, PHILADELPHIA PA] | ALTINMAKAS, EMRE [Radiology, Diagnostic Radiolog, NEW YORK NY] | GHESANI, NASRIN [Nuclear Medicine, NEW YORK NY]"
Y,Mount Sinai,611895173,physician group,Icahn / Mount Sinai Now,146,1,,ICAHN SCHOOL OF MEDICINE AT MOUNT SINAI; MOUNT SINAI NOW,2/290,ICAHN SCHOOL OF MEDICINE AT MOUNT SINAI x2,,NY12,"EIBEN, PATRICK [Emergency Medicine, BRONX NY] | BOWLING, MORGAN [Pediatrics, NEW YORK NY] | LEVITANSKY, ELIEZER [Internal Medicine, BROOKLYN NY]"
Y,Mount Sinai,464023734,physician group,Icahn orthopedics,67,1,,ICAHN SCHOOL OF MEDICINE AT MOUNT SINAI; ORTHOPEDIC DEPT OF MOUNT SINAI,0/78,,ICAHN SCHOOL OF MEDICINE AT MOUNT SINAI x1,"NY5,PA1,MI1","THAI, CAM [Physician Assistant, CHELTENHAM PA] | AHN, SARAH [Chiropractor, NEW YORK NY] | PINO, CASSANDRA [Student in an Organized Health, DETROIT MI]"
Y,NYU Langone,133971298,hospital,"NYU Langone Hospitals (Tisch, Brooklyn, Orthopedic)",409,24,,"NYU HOSPITALS CENTER; NYU LANGONE DIAGNOSTICS, LLC; NYU LANGONE HOME HEALTH CARE; NYU LANGONE HOSPITAL BROOKLYN; NYU LANGONE HOSPITAL LONG ISLAND; NYU LANGONE HOSPITAL SUFFOLK HOSPICE; NYU LANGONE HOSPITAL- SUFFOLK; NYU LANGONE HOSPITALS; NYU LANGONE HOSPITALS RUSK; NYU LANGONE HOSPITALS TISCH; NYU LANGONE ORTHOPEDIC HOSPITAL; NYU LUTHERAN FAMILY HEALTH CENTER-PCP; SUNSET PARK FAMILY HEALTH CENTER AT NYU LANGHORNE; WINTHROP PHYSICIANS ASSISTANTS SERVICES; WINTHROP UNIVERSITY HOSPITAL EEG; WINTHROP UNIVERSITY HOSPITAL EKG; WINTHROP UNIVERSITY HOSPITAL/ANESTHESIOLOGY",24/552,NYU LANGONE HOSPITALS x23; NYU LANGONE MEDICAL CENTER/TISCH HOSPITAL x1,NYU LANGONE HOSPITALS x1,"NY8,1,NC1","(not in NPPES) [,  ] | PHILLIPS, SARAH [Social Worker, NEW YORK NY] | ROMERO PASTOR JAIME, ANGELLA [Social Worker, BROOKLYN NY]"
Y,NYU Langone,135562308,physician group,New York University (NYU Langone faculty practice),6379,48,,"NEW YORK UNIVERSITY; NEW YORK UNIVERSITY HEALTH CENTER; NYU 1220 AVENUE P; NYU ANESTHESIA ASSOCIATES; NYU EAST ROCKAWAY PEDIATRICS; NYU EKG ASSOCIATES; NYU EMERGENCY MEDICINE; NYU FACILITY PRACTICE RADIOLOGY; NYU FACULTY GROUP PRACTICE; NYU GREAT NECK MEDICAL; NYU GROUP SURGERY ASSOCIATES; NYU HEALTH SERVICES; NYU INTERNAL MEDICINE ASSOCIATES -MILLER GROUP; NYU LANGONE AMBULATORY CARE REGO PARK; NYU LANGONE CARDIOLOGY ASSOCIATES; NYU LANGONE HUNTINGTON MEDICAL GROUP; NYU LANGONE INTERNAL MEDICINE ASSOCIATES - BAY TER; NYU LANGONE URGENT CARE AT TRINITY; NYU MEDICAL - TRINITY CENTRE; NYU MEDICAL ONCOLOGY ASSOCIATES; NYU RADIOLOGY ASSOCIATES; WFMAU DBA/WINTHROP PATHOLOGY ASSOCIATES; WINTHROP CARDIO AND THOR SURGERY; WINTHROP CARDIOLOGY ASSOCIATES; WINTHROP EMERGENCY PHYSICIANS; WINTHROP ENDOCRINOLOGY, DIABETES AND METABOLISM; WINTHROP FACULTY MEDICAL AFFILIATES UFPC; WINTHROP GASTROENTEROLOGY; WINTHROP HOSPITALIST ASSOCIATES, PC; WINTHROP INFECTIOUS DISEASE ASSOCIATES UFPC; WINTHROP INTERNAL MEDICINE ASSOCIATES; WINTHROP ISLAND WIDE MEDICAL ASSOCIATES; WINTHROP MEDICAL AFFILIATES @ NORTH BABYLON; WINTHROP NEPHROLOGY ASSOCIATES, PC; WINTHROP NEUROSCIENCE ASSOCIATES; WINTHROP ONCOLOGY/HEMATOLOGY ASSOCIATES; WINTHROP ORTHOPAEDIC ASSOCIATES; WINTHROP PATHOLOGY SERVICES, PC; WINTHROP PEDIATRIC ASSOCIATES, P.C.; WINTHROP PEDIATRIC ASSOCIATION; WINTHROP PEDS-DEPT OF NEONATOLOGY; WINTHROP PHYSICAL THERAPY PLLC; WINTHROP PULMONARY ASSOCIATES; WINTHROP RADIOLOGY ASSOCIATES PC; WINTHROP RHEUMATOLOGY ALLERGY AND IMMUNOLOGY PC; WINTHROP SURGICAL ASSOCIATES, P.C.; WINTHROP UROLOGY PC",1/7423,NEW YORK UNIVERSITY x1,,"NY9,1,FL1","(not in NPPES) [,  ] | URALIL, SHARON [Internal Medicine, NEW YORK NY] | KIM, ELIJAH [Internal Medicine, Critical Ca, SARASOTA FL]"
Y,NYU Langone,452439597,physician group,NYU Langone Hospital-Long Island faculty (Winthrop),131,0,,WINTHROP FACULTY MEDICAL AFFILIATES UNIV,0/158,,WINTHROP FACULTY MEDICAL AFFILIATES UNIVERSITY FACULTY PRACTICE CORP x1,"NY9,TN1","DEL VECCHIO, THERESA [Nurse Practitioner, Adult Heal, MINEOLA NY] | HIRSCH, DRORA [Emergency Medicine, MIDDLETOWN NY] | SPIER, LAURENCE [Thoracic Surgery (Cardiothorac, GREAT NECK NY]"
Y,NYU Langone,472665045,physician group,Winthrop Community Medical Affiliates,68,5,,WINTHROP COMMUNITY MEDICAL AFFILIATES PC; WINTHROP FP HMO CLEANUP,0/75,,"WINTHROP COMMUNITY MEDICAL AFFILIATES, PC x2","NY7,1","(not in NPPES) [,  ] | YANG, STEPHEN [Student in an Organized Health, MINEOLA NY] | WINTHROP COMMUNITY MEDICAL AFFILIATES, PC [Internal Medicine, Endocrinolo, BETHPAGE NY]"
Y,NYU Langone,134000622,physician group,NYU Imaging,39,1,,NYU IMAGING INC; NYU IMAGING INC.,0/79,,,"NY10,NJ1,PA1","LEITMAN, BARRY [Radiology, Diagnostic Radiolog, NEW YORK NY] | WICKSTROM, MAJ [Radiology, Diagnostic Radiolog, NEW YORK NY] | SHIAU, MARIA [Radiology, Diagnostic Radiolog, ROCHESTER NY]"
Y,NYU Langone,135598093,physician group,NYU Langone Huntington Medical Group,0,3,,NYU LANGONE HUNTINGTON MEDICAL GROUP,0/2801,,,"NY11,1","(not in NPPES) [,  ] | CIOFFI, GEORGE [Ophthalmology, Glaucoma Specia, NEW YORK NY] | CANETTA, PIETRO [Internal Medicine, Nephrology, NEW YORK NY]"
Y,NYP,133957095,hospital,"NewYork-Presbyterian Hospital (Columbia, Weill Cornell, Allen, Lower Manhattan)",21,12,,COLUMBIA PRESBYTERIAN MEDICAL CENTER LAB; NEW YORK PRESBYTERIAN BROOKLYN METHODIST HOSPITAL; NEW YORK PRESBYTERIAN HOSPITAL; NEW YORK PRESBYTERIAN HOSPITAL-ALLEN HOSPITAL; NEW YORK-PRESBYTERIAN HOSPITAL WEILL CORNELL MEDIC; NEW YORK-PRESBYTERIAN WESTCHESTER; NY PRESBYTERIAN HOSP-PAYNE WHITNEY WESTCHESTER; NY PRESBYTERIAN HOSP-WEILL CORNELL MEDICAL CENTER; THE NEW YORK AND PRESBYTERIAN HOSPITAL,2/30,THE NEW YORK AND PRESBYTERIAN HOSPITAL x1; NEW YORK PRESBYTERIAN HOSPITAL x1,THE NEW YORK AND PRESBYTERIAN HOSP x1; THE NEW YORK AND PRESBYTERIAN HOSPITAL x1; NEW YORK-PRESBYTERIAN/LAWRENCE HOSPITAL x1,"NY5,1,NJ1","(not in NPPES) [,  ] | DAY, OLITA [Social Worker, Clinical, WHITE PLAINS NY] | THE NEW YORK AND PRESBYTERIAN HOSP [Obstetrics & Gynecology, Gynec, WHITE PLAINS NY]"
Y,NYP,111631796,hospital,NYP Brooklyn Methodist Hospital,7,0,,NEW YORK-PRESBYTERIAN BROOKLYN METHODIST,0/28,,,"NY9,MD1,NC1","GREENBERG, ODED [Radiology, Diagnostic Radiolog, BROOKLYN NY] | GOECKERITZ, SCOTT [Physician Assistant, BROOKLYN NY] | MANIATIS, CHARLYNN [Radiology, Diagnostic Radiolog, BROOKLYN NY]"
Y,NYP,111839362,hospital,NYP Queens,0,3,,NEW YORK-PRESBYTERIAN/QUEENS,0/153,,NEWYORK-PRESBYTERIAN/QUEENS x1; NEWYORK-PRESBYTERIAN-QUEENS x1; NYHMCQ-JACKSON HEIGHTS FAMILY CENTER x1,NY6,"SHAFIZADEH, FARSHAD [Pathology, Anatomic Pathology , NEW YORK NY] | NEWYORK-PRESBYTERIAN/QUEENS [Obstetrics & Gynecology, NEW YORK NY] | NEWYORK-PRESBYTERIAN-QUEENS [Clinic/Center, End-Stage Renal, FRESH MEADOWS NY]"
Y,NYP,113124294,hospital,NYP Brooklyn Methodist Hospital,0,1,,NEWYORK-PRESBYTERIAN BROOKLYN METHODIST HOSPITAL,0/12,,"PARK SLOPE OBSTETRICS & GYNECOLOGY, P.C. x1","NY7,1","(not in NPPES) [,  ] | AYOUB, ALBERT [Obstetrics & Gynecology, Obste, BROOKLYN NY] | GOLDMAN, JESSICA [Registered Nurse, BROOKLYN NY]"
Y,NYP,131624190,hospital,NYP Westchester Behavioral Health (Payne Whitney),0,1,,NY PRESBYTERIAN HOSP-PAYNE WHITNEY WESTCHESTER,0/3,,,"NY2,1","(not in NPPES) [,  ] | KWON, CHARLES [Emergency Medicine, NEW YORK NY] | WEINGRAM, JUDITH [Anesthesiology, NEW YORK NY]"
Y,NYP,462333282,hospital,NYP Brooklyn Methodist Hospital,0,1,,NEWYORK-PRESBYTERIAN BROOKLYN METHODIST HOSPITAL,0/1134,,,"NY11,NJ1","SINGH, VISHWAS [Internal Medicine, NEW YORK NY] | BEA, VIVIAN [Surgery, BROOKLYN NY] | YANG, YANJIN [Internal Medicine, BROOKLYN NY]"
Y,NYP,274719998,physician group,NYP Medical Group Hudson Valley,0,2,,NEW YORK-PRESBYTERIAN MEDICAL GROUP/HUDSON VALLEY; NEW YORK-PRESBYTERIAN MEDICAL GROUP/QUEENS,0/634,,"NEW YORK QUEENS MEDICINE AND SURGERY, P.C. x1","NY7,1","(not in NPPES) [,  ] | GHELECHKHANI, ANA [Physician Assistant, Medical, FLUSHING NY] | PALACIOS, PEDRO [Physician Assistant, Medical, FLUSHING NY]"
Y,NYP,131623978,physician group,NYP Medical Group Queens,0,1,,NEW YORK-PRESBYTERIAN MEDICAL GROUP/QUEENS,0/2472,,"NEW YORK QUEENS MEDICINE AND SURGERY, P.C. x1","NY5,1,IA1","(not in NPPES) [,  ] | LEE, SANGIL [Emergency Medicine, IOWA CITY IA] | NELSON, PRISCILLA [Anesthesiology, PHILADELPHIA PA]"
Y,WMC,133964321,hospital,"Westchester County Health Care Corp (WMC, MidHudson Regional)",10,7,,MID-HUDSON REGIONAL HOSPITAL OF WESTCHESTER; WESTCHESTER COUNTY HEALTH CARE CORP; WESTCHESTER MEDICAL CENTER,4/20,WESTCHESTER COUNTY HEALTH CARE CORPORATION x3; WESTCHESTER MEDICAL CENTER x1,WESTCHESTER COUNTY HEALTH CARE CORPORATION x2; WESTCHESTER COUNTY HEALTHCARE CORP x1,"NY7,1","(not in NPPES) [,  ] | PUCCIO, CARMELO [Internal Medicine, Hematology , HAWTHORNE NY] | WESTCHESTER COUNTY HEALTH CARE CORPORATION [Home Health, POUGHKEEPSIE NY]"
Y,WMC,141347717,hospital,Bon Secours Community Hospital (WMCHealth),4,2,,BON SECOURS COMMUNITY HOSPITAL,0/6,,BON SECOURS COMMUNITY HOSPITAL x4,"NY5,PA1","BON SECOURS COMMUNITY HOSPITAL [Skilled Nursing Facility, PORT JERVIS NY] | BON SECOURS COMMUNITY HOSPITAL [Family Medicine, MILFORD PA] | SOE, KHIN [Psychiatry & Neurology, Forens, HARRIS NY]"
Y,WMC,264709927,physician group,WMC Advanced Physician Services,1487,3,,WESTCHESTER MEDICAL CENTER ADVANCED PHYS; WESTCHESTER MEDICAL CENTER ADVANCED PHYSICIAN,2/1923,"WESTCHESTER MEDICAL CENTER ADVANCED PHYSICIAN SERVICES PC x1; WESTCHESTER MEDICAL CENTER ADVANCED PHYSICIAN SERVICES, PC x1",,"NY9,1,PA1","(not in NPPES) [,  ] | SHARMA, CORDELIA [Surgery, HAWTHORNE NY] | WASSERMAN, AMY [Internal Medicine, HAWTHORNE NY]"
Y,WMC,461883875,physician group,WMC Physician Practices,157,0,,WMC PHYSICIAN PRACTICES INC,0/157,,,"WV7,PA4,OH1","ELTRINGHAM, SEUNG-HA [Nurse Practitioner, Family, WINTERSVILLE OH] | HOODA, DEEPAK [Internal Medicine, Interventio, WHEELING WV] | PATANI, HEMANT [Internal Medicine, MC DONALD PA]"
Y,White Plains,131740130,hospital,White Plains Hospital,287,5,,URGENT CARE CENTER AT WHITE PLAINS HOSPITAL; WHITE PLAINS HOSPITAL CENTER; WHITE PLAINS HOSPITAL CENTER EMERGENCY PHYSICIANS,11/351,WHITE PLAINS HOSPITAL MEDICAL CENTER x10; WHITE PLAINS HOSPITAL CENTER x1,WHITE PLAINS HOSPITAL MEDICAL CENTER x1,"NY5,1,CT1","(not in NPPES) [,  ] | DEGUZMAN-JAVIER, GERALDINE [Physician Assistant, Surgical, NEW YORK NY] | WHITE PLAINS HOSPITAL MEDICAL CENTER [General Acute Care Hospital, WHITE PLAINS NY]"
Y,Northwell,111639818,hospital,Mather Hospital,361,3,,JOHN T MATHER MEMORIAL HOSPITAL; JOHN T. MATHER HOSPITAL-EMERGENCY MEDICINE; JOHN T. MATHER HOSPITALISTS,0/412,,,"NY10,NJ1,PA1","GILL, ANITA [Psychiatry & Neurology, Neurol, SUMMIT NJ] | SCHUSTER, LINDSEY [Emergency Medicine, MOUNT SINAI NY] | DEVLIN, MELISSA [Internal Medicine, Critical Ca, GREAT NECK NY]"
Y,Northwell,111630914,hospital,Huntington Hospital,119,5,,HUNTINGTON HOSP INTENSIVE CARE PHYS; HUNTINGTON HOSPITAL ASSOCIATION; HUNTINGTON HOSPITAL PATHOLOGY DEPT.,0/153,,,"NY9,1,FL1","(not in NPPES) [,  ] | CHAFIIAN, DAVID [Internal Medicine, BROOKLYN NY] | SHIH, PETER [Internal Medicine, Pulmonary D, FORT WALTON BEACH FL]"
Y,Northwell,131740118,hospital,Northern Westchester Hospital,96,10,,NORTHERN WESTCHESTER HOSPITAL ASSOCIATIO; NORTHERN WESTCHESTER HOSPITAL CENTER; NORTHERN WESTCHESTER HOSPITAL-YORKTOWN IMAGING,0/154,,,"NY9,PA1,CT1","BALSELLS, HERBERTH [Emergency Medicine, MOUNT KISCO NY] | BORGIA, DENA [Nurse Practitioner, Family, BROOKLYN NY] | KHALIFEH, MAZEN [Pediatrics, Neonatal-Perinatal, MOUNT KISCO NY]"
Y,Northwell,111667761,hospital,South Shore University Hospital (Southside),47,4,,SOUTH SHORE UNIVERSITY HOSPITAL; SOUTHSIDE HOSPITAL; SOUTHSIDE HOSPITAL DEPT. OF RADIOLOGY,0/52,,,"NY7,FL2,1","(not in NPPES) [,  ] | WEISS, SCOTT [Internal Medicine, Sports Medi, GAINESVILLE FL] | SHALMI, CRAIG [Anesthesiology, Pain Medicine, BABYLON NY]"
Y,Northwell,112241326,hospital,Long Island Jewish Forest Hills / LIJ,44,6,,LIJ RADIOLOGY PRIVATE PRACTICE; LONG ISLAND JEWISH FOREST HILLS; LONG ISLAND JEWISH MED CTR RAD-ONCO; LONG ISLAND JEWISH MEDICAL CENTER; LONG ISLAND JEWISH MEDICAL CENTER-PROJECT OUTREACH; LONG ISLAND JEWISH MEDICAL CTR; LONG ISLAND JEWISH VALLEY STREAM; STEVEN AND ALEXANDRA COHEN CHILDRENS MEDICAL CTR,0/64,,LONG ISLAND JEWISH MEDICAL CENTER x1,"NY6,NJ2,1","(not in NPPES) [,  ] | FERRONE, GEORGE [Radiology, Vascular & Interven, RIVER EDGE NJ] | WIND, EDWARD [Radiology, Diagnostic Radiolog, NEW HYDE PARK NY]"
Y,Northwell,131725076,hospital,Phelps Hospital,41,3,,PHELPS MEMORIAL HOSPITAL; PHELPS MEMORIAL HOSPITAL CENTER,0/53,,PHELPS MEMORIAL HOSPITAL ASSOCIATION x1,NY8,"KYI, MICHAEL [Emergency Medicine, SOUTH SALEM NY] | CRISTESCU, CORINA [Internal Medicine, MIDDLETOWN NY] | PHELPS MEMORIAL HOSPITAL ASSOCIATION [Internal Medicine, SLEEPY HOLLOW NY]"
Y,Northwell,112965586,hospital,Northwell Healthcare Inc,37,0,,NORTHWELL HEALTHCARE INC,1/39,NORTH SHORE LONG ISLAND JEWISH HEALTHCARE x1,NORTH SHORE LONG ISLAND JEWISH HEALTHCARE x1,NY10,"SHEBES, MATTHEW [Physician Assistant, Surgical, COMMACK NY] | VERMA, ROHIT [Orthopaedic Surgery, Orthopaed, MANHASSET NY] | WACHSMAN, DANIEL [Internal Medicine, Cardiovascu, WOODBURY NY]"
Y,Northwell,112868878,hospital,Staten Island University Hospital,12,3,,STATEN ISLAND UNIVERISTY HOSPITAL; STATEN ISLAND UNIVERSITY HOSPITAL; STATEN ISLAND UNIVERSITY HOSPITAL NORTH SITE MENTA; STATEN ISLAND UNIVERSITY HOSPITAL-NORTH SITE; STATEN ISLAND UNIVERSITY HOSPITAL-SOUTH SITE,0/16,,STATEN ISLAND UNIVERSITY HOSPITAL x3,"NY6,NJ2","SELA, ARIAN [Physician Assistant, Surgical, STATEN ISLAND NY] | KORSHUNOV, YEVGENIY [Orthopaedic Surgery, Adult Rec, STATEN ISLAND NY] | STATEN ISLAND UNIVERSITY HOSPITAL [Rehabilitation Unit, STATEN ISLAND NY]"
Y,Northwell,131624070,hospital,Lenox Hill Hospital,6,2,,LENOX HILL HOSPITAL,0/7,,LENOX HILL HOSPITAL x2,NY7,"ESTRADA, ROBERTO [, NEW YORK NY] | KIWANUKA, ELIZABETH [Plastic Surgery, NEW YORK NY] | ADDONIZIO, DEVON [Psychiatry & Neurology, Psychi, NEW YORK NY]"
Y,Northwell,111562701,hospital,North Shore University Hospital,5,4,,LONG ISLAND JEWISH DIALYSIS CENTER; NORTH SHORE UNIVERSITY HO; NORTH SHORE UNIVERSITY HOSPITAL; NORTH SHORE UNIVERSITY HOSPITAL HEMO DIALYSIS; SYOSSET HOSPITAL,0/6,,NORTH SHORE UNIVERSITY HOSPITAL x4,"NY5,1","(not in NPPES) [,  ] | NORTH SHORE UNIVERSITY HOSPITAL [Psychiatric Unit, SYOSSET NY] | NORTH SHORE UNIVERSITY HOSPITAL [Ambulance, MANHASSET NY]"
Y,Northwell,111633487,hospital,North Shore University Hospital at Glen Cove,3,0,,NORTH SHORE UNIV HOSP AT GLEN COVE,0/5,,GLEN COVE HOSPITAL x3,"NY4,NC1","GLEN COVE HOSPITAL [Psychiatric Unit, GLEN COVE NY] | GLEN COVE HOSPITAL [Pharmacy, Community/Retail Pha, WESTBURY NY] | GLEN COVE HOSPITAL [Rehabilitation Unit, WESTBURY NY]"
Y,Northwell,113241243,hospital,Plainview Hospital,2,0,,PLAINVIEW HOSPITAL,0/2,,PLAINVIEW HOSPITAL x1,"NY1,CT1","PLAINVIEW HOSPITAL [General Acute Care Hospital, PLAINVIEW NY] | PUNZALAN, CHRISTOPHER [Emergency Medicine, HARTFORD CT]"
Y,Northwell,133775996,hospital,Lenox Hill Hospital,1,0,,LENOX HILL HOSP,0/1,,,1,"(not in NPPES) [,  ]"
Y,Northwell,111661359,hospital,Peconic Bay Medical Center,0,2,,PECONIC BAY HOMEHEALTH; PECONIC BAY MEDICAL CENTER,0/41,,CENTRAL SUFFOLK HOSPITAL x2,"NY7,FL1","NAPOLITANO, BLAISE [Family Medicine, RIVERHEAD NY] | CENTRAL SUFFOLK HOSPITAL [Physician Assistant, RIVERHEAD NY] | HAMID, FAISAL [Internal Medicine, BELLEROSE NY]"
Y,Northwell,821883445,hospital,Phelps Hospital,0,1,,PHELPS MEMORIAL HOSPITAL ASSOCIATION,0/10,,BRIGHTWATERS GYNECOLOGY PC x1,NY8,"ELSAQA, MOHAMED [Urology, SLEEPY HOLLOW NY] | CHILDREY, NEFERTITI [Urology, NEW YORK NY] | ELTAHAWY, EHAB [Urology, SLEEPY HOLLOW NY]"
Y,Northwell,133496674,hospital,Phelps Hospital,0,1,,PHELPS MEMORIAL HOSPITAL ASSOCIATION,0/1,,"WESTCHESTER GASTROENTROLOGY ASSOCIATES, PC x1",NY1,"WESTCHESTER GASTROENTROLOGY ASSOCIATES, PC [Internal Medicine, SLEEPY HOLLOW NY]"
Y,Northwell,274416017,hospital,Phelps Hospital,0,1,,PHELPS MEMORIAL HOSPITAL ASSOCIATION,0/16,,"PHELPS MEDICAL SERVICES, PC x1","NY9,MD1,CT1","BROWN, TESS-ANN [Nurse Practitioner, Family, MONTGOMERY NY] | CROSS, COQUILLA [Psychiatry & Neurology, Psychi, TOWSON MD] | TAMSEN, ALI [Pathology, Clinical Pathology/, SOUTHAMPTON NY]"
Y,Northwell,453023019,physician group,North Shore-LIJ Medical PC (Northwell Health Physician Partners),8428,5,,NORTH SHORE LIJ HEALTH CARE; NORTH SHORE LIJ MEDICAL PC; NORTH SHORE LIJ MEDICAL PC.; NORTH SHORE-LIJ MEDICAL PC,0/9220,,,"NY8,PA2,1","(not in NPPES) [,  ] | DEEB, LILIANE [Internal Medicine, Gastroenter, STATEN ISLAND NY] | PRINCE, JOSE [Surgery, PITTSBURGH PA]"
Y,Northwell,275078717,physician group,North Shore-LIJ Cardiovascular Medicine,203,1,,"NORTH SHORE LIJ CARDIOVASCULAR ME; NORTH SHORE-LIJ CARDIOVASCULAR MEDICINE, P.C.",0/244,,,"NY11,FL1","KOENIG, SCOTT [Orthopaedic Surgery, Foot and , WOODBURY NY] | DENAPOLI, THOMAS [Physician Assistant, Surgical, LYNBROOK NY] | LAMZINA, TATYANA [Registered Nurse, BROOKLYN NY]"
Y,Northwell,452661543,physician group,Lenox Hill Medical PC,35,3,,LENOX HILL HOSPITAL MEDICAL PC; LENOX HILL MEDICAL PC,0/47,,,NY12,"HAR-EL, GADY [Specialist, NEW YORK NY] | FINLEY, JOSEPH [Otolaryngology, NEW YORK NY] | PAYAMI, SARA [Audiologist, NEW YORK NY]"
Y,Northwell,113412370,physician group,Northwell Health Laboratories,1,1,,NORTHWELL HEALTH LABORATORIES,1/1,NORTHWELL HEALTH LABORATORIES x1,NORTHWELL HEALTH LABORATORIES x1,NY1,"NORTHWELL HEALTH LABORATORIES [Clinical Medical Laboratory, NEW HYDE PARK NY]"
?,Montefiore,010796859,,MONTEFIORE MEDICAL CENTER,61,0,"name matches, ownership unverified",MONTEFIORE MEDICAL CENTER,0/62,,,"NY11,NJ1","SLINCHENKOVA, OLENA [Student in an Organized Health, BROOKLYN NY] | RIZVI, SYED [Student in an Organized Health, BRONX NY] | MASEDA, NELLY [Pediatrics, BRONX NY]"
?,Montefiore,263443304,,"ST. LUKE'S CORNWALL JV, LLC",0,1,"name matches, ownership unverified","ST. LUKE'S CORNWALL JV, LLC",0/16,,"ST. LUKE'S CORNWALL JV, LLC x1","NY7,FL1,PA1","KLEIN, JONATHAN [, BRONX NY] | FOX, JANA [Radiology, Therapeutic Radiolo, NEW YORK NY] | GARG, MADHUR [, ARDSLEY NY]"
?,Mount Sinai,383906267,,MEDICINE DEPT OF MOUNT SINAI,50,1,"name matches, ownership unverified",MEDICINE DEPT OF MOUNT SINAI; MOUNT SINAI MAHHASSET MEDICAL; MOUNT SINAI MANHASSET MEDICAL,1/60,MOUNT SINAI SCHOOL OF MEDICINE x1,,"NY7,CA2,SC1","DAVIDSON, WHITNEY [Nurse Practitioner, Primary Ca, NEW YORK NY] | WHITMORE, SARA [Nurse Practitioner, Adult Heal, BROOKLYN NY] | VIJAYAKUMAR, NANDINI [Student in an Organized Health, BROOKLYN NY]"
?,Mount Sinai,474961193,,SOUTH NASSAU PHYSICIAN GROUP PC,45,0,"name matches, ownership unverified",SOUTH NASSAU PHYSICIAN GROUP PC,0/45,,,"NY9,PA2,MI1","TOPGI, SNEHALATA [Emergency Medicine, BROOKLYN NY] | NEMETH, ALAN [Emergency Medicine, PHILADELPHIA PA] | KUMAR, MRIDUL [Emergency Medicine, BROOKLYN NY]"
?,Mount Sinai,264069086,,MOUNT SINAI MEDICAL CTR CARDIOLOGY LLC,40,0,"name matches, ownership unverified",MOUNT SINAI MEDICAL CTR CARDIOLOGY LLC,0/40,,MOUNT SINAI MEDICAL CENTER CARDIOLOGY LLC x1,FL8,"SCORDATO, ROBERT [Physician Assistant, Medical, MIAMI FL] | FERNANDEZ, RAFLE [Internal Medicine, Cardiovascu, MIAMI BEACH FL] | ROTHMAN, DEENA [Physician Assistant, Surgical, MIAMI BEACH FL]"
?,Mount Sinai,371603148,,MOUNT SINAI- MULTISPECIALTY PHYSICIANS,28,2,"name matches, ownership unverified",MOUNT SINAI- MULTISPECIALTY PHYSICIANS; MOUNT SINAI-MULTISPECIALTY PHYSICIANS; MT SINAI SCHOOL OF MEDICINE,1/45,MT SINAI SCHOOL OF MEDICINE OF NEW YORK UNIVERSITY x1,,"NY9,1,VA1","(not in NPPES) [,  ] | BUXTON, DOUGLAS [Ophthalmology, NEW YORK NY] | JAVANMARD, PEDRAM [Internal Medicine, FALLS CHURCH VA]"
?,Mount Sinai,800756162,,MOUNT SINAI QUEENS FACULTY PRACTICE,28,1,"name matches, ownership unverified",MOUNT SINAI QUEENS FACULTY PRACTICE; MOUNT SINAI RADIOLOGY ASSOCIATES,1/33,MOUNT SINAI SCHOOL OF MEDICINE x1,,"NY10,MA1,MO1","MARU, SHEELA [Obstetrics & Gynecology, BOSTON MA] | GHAFAR, MOHAMED [Obstetrics & Gynecology, ELMHURST NY] | MA, HELEN [Obstetrics & Gynecology, JAMAICA NY]"
?,Mount Sinai,262893302,,MOUNT SINAI MEDICAL CENTER UROLOGY LLC,27,0,"name matches, ownership unverified",MOUNT SINAI MEDICAL CENTER UROLOGY LLC,0/27,,,"FL10,MI1,NY1","CAZES, HEATHER [Nurse Practitioner, Primary Ca, MIAMI BEACH FL] | WEIZER, ALON [Urology, ANN ARBOR MI] | PINEDA GONZALEZ, KARLA [Registered Nurse, Critical Car, HIALEAH FL]"
?,Mount Sinai,113565450,,SOUTH NASSAU FAMILY MEDICINE,23,1,"name matches, ownership unverified",SOUTH NASSAU FAMILY MEDICINE; SOUTH NASSAU FAMILY MEDICINE PC,0/29,,,NY12,"PLOTNITSKIY, MIKHAIL [Obstetrics & Gynecology, VALLEY STREAM NY] | SERAJI BOZORGZAD, JAHANSHAH [Obstetrics & Gynecology, LYNBROOK NY] | SHAPIRO, IRADA [Obstetrics & Gynecology, FOREST HILLS NY]"
?,Mount Sinai,454799159,,SOUTH NASSAU MEDICAL GROUP PC,23,0,"name matches, ownership unverified",SOUTH NASSAU MEDICAL GROUP PC,0/30,,,NY12,"WEINSTOCK, DAVID [Specialist, LYNBROOK NY] | EICHENBAUM, JOSEPH [Specialist, LYNBROOK NY] | MOON, FREDRIC [Obstetrics & Gynecology, MINEOLA NY]"
?,Mount Sinai,352678810,,ICAHN SCHOOL OF MEDICINE AT,22,1,"name matches, ownership unverified",ICAHN SCHOOL OF MEDICINE AT; ICAHN SCHOOL OF MEDICINE AT MOUNT SINAI,2/25,ICAHN SCHOOL OF MEDICINE AT MOUNT SINAI x2,ICAHN SCHOOL OF MEDICINE AT MOUNT SINAI x1,"NY7,CA1","LIM, ANDREW [Radiology, Diagnostic Radiolog, OCEANSIDE NY] | SOYEMI, TEMITOPE [Radiology, Diagnostic Radiolog, WANTAGH NY] | ICAHN SCHOOL OF MEDICINE AT MOUNT SINAI [Physiological Laboratory, NEW YORK NY]"
?,Mount Sinai,383958404,,ICAHN SCHOOL OF MEDICINE AT MOUNT SINAI,22,0,"name matches, ownership unverified",ICAHN SCHOOL OF MEDICINE AT MOUNT SINAI,0/22,,ICAHN SCHOOL OF MEDICINE AT MOUNT SINAI x1,"FL7,NY2,PA1","CALIENDO, FRANK [Surgery, GARDEN CITY NY] | SINGH, VIVEK [Nuclear Medicine, Nuclear Card, JUPITER FL] | SKOMRA, PAUL [Family Medicine, PALM BEACH FL]"
?,Mount Sinai,262692377,,SOUTH NASSAU PHYSICIAN PRACTIC PC,21,1,"name matches, ownership unverified","SOUTH NASSAU PHYSICIAN PRACTIC PC; SOUTH NASSAU PHYSICIAN PRACTICE, PC",0/26,,,"NY10,IA1,PA1","ALEXIADIS, VARVARA [Internal Medicine, Endocrinolo, ROCKVILLE CENTRE NY] | SERAJI BOZORGZAD, JAHANSHAH [Obstetrics & Gynecology, LYNBROOK NY] | SHAPIRO, IRADA [Obstetrics & Gynecology, FOREST HILLS NY]"
?,Mount Sinai,863355115,,MOUNT SINAI VASCULAR INSTITU,14,0,"name matches, ownership unverified",MOUNT SINAI VASCULAR INSTITU,0/14,,,FL12,"ZYBULEWSKI, ADAM [Radiology, Diagnostic Radiolog, MIAMI BEACH FL] | REYES, DANIEL [Student in an Organized Health, MIAMI BEACH FL] | RODRIGUEZ, KAYLA [Physician Assistant, MIAMI BEACH FL]"
?,Mount Sinai,450537391,,MOUNT SINAI DIAGNOSTIC & TREATMENT CENTE,12,0,"name matches, ownership unverified",MOUNT SINAI DIAGNOSTIC & TREATMENT CENTE,0/12,,,"NY9,CT1,PA1","SHIRAZIAN, TARANEH [Obstetrics & Gynecology, NEW YORK NY] | HOROWITZ, CAROL [Internal Medicine, NEW YORK NY] | ADLER, RHODES [Internal Medicine, NEW YORK NY]"
?,Mount Sinai,112706137,,SOUTH NASSAU DERMATOLOGY,11,1,"name matches, ownership unverified",SOUTH NASSAU DERMATOLOGY; SOUTH NASSAU DERMATOLOGY PC,0/12,,SOUTH NASSAU DERMATOLOGY P.C. x1,NY8,"LOWENSTEIN, EVE [Dermatology, OCEANSIDE NY] | SOUTH NASSAU DERMATOLOGY P.C. [Specialist, OCEANSIDE NY] | COHEN, MICHAEL [Dermatology, MOHS-Micrographic, OCEANSIDE NY]"
?,Mount Sinai,133988963,,BETH ISRAEL MED,10,0,"name matches, ownership unverified",BETH ISRAEL MED,0/11,,,"NY10,GA1","FAOUR, FARAJ [Internal Medicine, NEW YORK NY] | TAURANI, CHRISTOPHER [Internal Medicine, NEW YORK NY] | HUI, JENNIFER [Internal Medicine, NEW YORK NY]"
?,Mount Sinai,383931355,,ICAHN SCHOOL OF MEDICINE AT MOUNT S,9,6,"name matches, ownership unverified",ICAHN SCHOOL OF MEDICINE AT MOUNT S; ICAHN SCHOOL OF MEDICINE AT MOUNT SINAI; MT. SINAI PEDIATRICS; ORTHOPEDICS OF MOUNT SINAI SLR; SURGERY DEPT OF MT SINAI SLR; UROLOGY AT BETH ISRAEL MEDICAL CENTER,0/48,,ICAHN SCHOOL OF MEDICINE AT MOUNT SINAI x2,"NY6,1,CO1","(not in NPPES) [,  ] | BOWLING, MORGAN [Pediatrics, NEW YORK NY] | ICAHN SCHOOL OF MEDICINE AT MOUNT SINAI [Dermatology, NEW YORK NY]"
?,Mount Sinai,320456795,,ICAHN SCHOOL OF MEDICINE AT MOUNT,9,0,"name matches, ownership unverified",ICAHN SCHOOL OF MEDICINE AT MOUNT,0/15,,"VICTORY INTERNAL MEDICINE, P.C. x1","NY10,MA1,NJ1","LEE, JESSICA [Ophthalmology, HAUPPAUGE NY] | BRUM, SETH [Internal Medicine, STATEN ISLAND NY] | BERGMAN, AKIVA [Internal Medicine, STATEN ISLAND NY]"
?,Mount Sinai,611936379,,ICAHN SCHOOL OF MEDICINE AT MOUNT SINAI,5,0,"name matches, ownership unverified",ICAHN SCHOOL OF MEDICINE AT MOUNT SINAI,0/5,,,NJ5,"SEGOVIA, FERNANDO [Internal Medicine, Cardiovascu, EDGEWATER NJ] | BAREKET, YARON [Internal Medicine, Cardiovascu, EDGEWATER NJ] | PUMILL, CHRISTOPHER [Student in an Organized Health, EDGEWATER NJ]"
?,Mount Sinai,203295727,,MOUNT SINAI MEDICAL CENTER PSYSICIAN PRA,5,0,"name matches, ownership unverified",MOUNT SINAI MEDICAL CENTER PSYSICIAN PRA,0/5,,,"FL4,1","(not in NPPES) [,  ] | BIRNBAUM, VIVIAN [Internal Medicine, MIAMI BEACH FL] | LAWSON, DONALD [Specialist, MIAMI BEACH FL]"
?,Mount Sinai,136171197,,ICAHN SCHOOL OF MEDICINE AT MOUNT SINAI,4,5,"name matches, ownership unverified",ICAHN SCHOOL OF MEDICINE AT MOUNT SINAI; MOUNT SINAI GENETIC TESTING LABORATORY; MOUNT SINAI PATHOLOGY ASSOCIATES; MOUNT SINAI PATHOLOGY CONSULTANTS; MT SINAI TRANSFUSION MEDICAL ASSOC; MT SINAI- DIV MED GENETIC; MT SINAI/PEDIATRIC ENDOCRINOLOGY; MT. SINAI PATHOLOGY CONSULTANTS; MT. SINAI RADIOLOGY ASSOCIATES; MT. SINAI SCHOOL OF MEDICINE AMBULATORY SURGERY,12/130,MOUNT SINAI SCHOOL OF MEDICINE x12,MOUNT SINAI SCHOOL OF MEDICINE x2,"NY6,CA1,MN1","CORITSIDIS, GEORGE [Internal Medicine, Nephrology, ELMHURST NY] | GIVRE, SHEREE [Emergency Medicine, ELMHURST NY] | WONG, WILLIAM [Radiology, Diagnostic Radiolog, HUNTINGTON BEACH CA]"
?,Mount Sinai,113440790,,SOUTH NASSAU RADIOLOGY PC,4,0,"name matches, ownership unverified",SOUTH NASSAU RADIOLOGY PC,0/4,,SOUTH NASSAU RADIOLOGY PC x1,NY4,"LASTIG, STEPHEN [Radiology, Diagnostic Radiolog, HICKSVILLE NY] | WINN, MICHAEL [Radiology, Diagnostic Radiolog, HICKSVILLE NY] | RICHMAN, KENNETH [Radiology, Vascular & Interven, HICKSVILLE NY]"
?,Mount Sinai,822152017,,MT SINAI WELLNESS CENTER,4,0,"name matches, ownership unverified",MT SINAI WELLNESS CENTER,0/4,,"MT. SINAI WELLNESS CENTER, LLC x1",GA4,"STEINBERG, NOAH [Physician Assistant, DAHLONEGA GA] | MURRAY, RASCHELLE [Nurse Practitioner, Psych/Ment, MARIETTA GA] | PONE, NADEGE [Nurse Practitioner, Psych/Ment, TUCKER GA]"
?,Mount Sinai,454517851,,ICAHN SCHOOL OF MEDICINE AT MOUNT SINAI,2,0,"name matches, ownership unverified",ICAHN SCHOOL OF MEDICINE AT MOUNT SINAI,0/2,,,"CT1,NY1","RAGOVIS, NICHOLAS [Hospitalist, GREENWICH CT] | STEVENS, NICHOLAS [Psychiatry & Neurology, Psychi, NEW YORK NY]"
?,Mount Sinai,133970709,,BETH ISRAEL MEDICAL CENTER BIMC PAIN,2,0,"name matches, ownership unverified",BETH ISRAEL MEDICAL CENTER BIMC PAIN,0/3,,BETH ISRAEL MEDICAL CENTER x1,"NY2,GA1","DESANDRE, PAUL [Emergency Medicine, Hospice an, DECATUR GA] | BETH ISRAEL MEDICAL CENTER [, NEW YORK NY] | SLOMBA, JAN [Anesthesiology, BROOKLYN NY]"
?,Mount Sinai,990898367,,MOUNT SINAI DOCTORS WEIGHT LOSS CENTER LLC,2,0,"name matches, ownership unverified",MOUNT SINAI DOCTORS WEIGHT LOSS CENTER LLC,0/2,,,"1,TX1","(not in NPPES) [,  ] | NWAOKWU, LEO [Nurse Practitioner, Family, DALLAS TX]"
?,Mount Sinai,205624927,,BETH ISRAEL MEDECIAL CENTER,2,0,"name matches, ownership unverified",BETH ISRAEL MEDECIAL CENTER,0/2,,,NY2,"KIRSTEIN, LAURIE [Surgery, NEW YORK NY] | FELDMAN, SHELDON [Surgery, Surgical Oncology, NEW YORK NY]"
?,Mount Sinai,383657559,,SURGICAL SERVICES OF BETH ISRAEL MEDICAL,2,0,"name matches, ownership unverified",SURGICAL SERVICES OF BETH ISRAEL MEDICAL,0/2,,,"CA1,NY1","TOMITA, SANDRA [Surgery, Pediatric Surgery, SAN DIEGO CA] | TROIA, ROSANNA [Podiatrist, NEW YORK NY]"
?,Mount Sinai,263932464,,MOUNT SINAI INTENSIVISTS LLC,2,0,"name matches, ownership unverified",MOUNT SINAI INTENSIVISTS LLC,0/2,,,FL2,"ABDELFATTAH, SARAH [Anesthesiology, MIAMI FL] | GOROSTIAGA, FEDERICO [Internal Medicine, Critical Ca, MIAMI FL]"
?,Mount Sinai,113319620,,SOUTH NASSAU NEONATAL SERVICES P C,2,0,"name matches, ownership unverified",SOUTH NASSAU NEONATAL SERVICES P C,0/2,,,NY2,"VALDIVIESO, JULIO [Pediatrics, Neonatal-Perinatal, OCEANSIDE NY] | JEAN-CHARLES, PAUL [Pediatrics, Neonatal-Perinatal, OCEANSIDE NY]"
?,Mount Sinai,371697648,,MOUNT SINAI BROOKLYN HEIGHTS MEDICAL,1,2,"name matches, ownership unverified",MOUNT SINAI BROOKLYN HEIGHTS MEDICAL; MOUNT SINAI BROOKLYN HEIGHTS MEDICAL GROUP,1/10,MOUNT SINAI SCHOOL OF MEDICINE x1,MOUNT SINAI SCHOOL OF MEDICINE x1,"NY7,1","(not in NPPES) [,  ] | BLIAGOS, DIMITRIOS [Internal Medicine, Cardiovascu, WHITE PLAINS NY] | POSTELL, SCOTT [Obstetrics & Gynecology, BROOKLYN NY]"
?,Mount Sinai,271057159,,SOUTH NASSAU WALK-IN MEDICAL CARE,1,1,"name matches, ownership unverified",SOUTH NASSAU WALK-IN MEDICAL CARE; SOUTH NASSAU WALK-IN MEDICAL CARE PC,0/2,,"SOUTH NASSAU WALK-IN MEDICAL CARE, P.C. x1",NY2,"SOUTH NASSAU WALK-IN MEDICAL CARE, P.C. [Specialist, OCEANSIDE NY] | LUTHRA, JASMINDER [Emergency Medicine, NEW CITY NY]"
?,Mount Sinai,134941247,,BANKERS TRUST MT SINAI RAD,1,0,"name matches, ownership unverified",BANKERS TRUST MT SINAI RAD,0/1,,,1,"(not in NPPES) [,  ]"
?,Mount Sinai,261408014,,MOUNT SINAI CARDIO-PRICARE LLC,1,0,"name matches, ownership unverified",MOUNT SINAI CARDIO-PRICARE LLC,0/1,,,FL1,"SEGALL, PETER [Specialist, MIAMI BEACH FL]"
?,Mount Sinai,934782601,,MT SINAI PSYCHIATRIC SERVICES,1,0,"name matches, ownership unverified",MT SINAI PSYCHIATRIC SERVICES,0/1,,,NC1,"MOMANYI, WINNIE [Student in an Organized Health, GARNER NC]"
?,Mount Sinai,753048539,,MT SINAI UROLOGY,1,0,"name matches, ownership unverified",MT SINAI UROLOGY,0/1,,,FL1,"KLOPUKH, BORIS [Urology, AVENTURA FL]"
?,Mount Sinai,113492255,,MOUNT SINAI MANHASSET MEDICAL,0,4,"name matches, ownership unverified",MOUNT SINAI MANHASSET MEDICAL; MOUNT SINAI MARATHON MEDICAL-HOSPITALISTS; NORTH SHORE MEDICAL GROUP OF MOUNT SINAI; NORTH SHORE MEDICAL GROUP OF THE MT. SINAI,3/545,NORTH SHORE MEDICAL GROUP OF THE MOUNT SINAI SCHOOL OF MEDICINE x3,,"NY11,PA1","KANTOR, DIANA [Internal Medicine, NEW YORK NY] | MCNEIL, TARYN [Registered Nurse, Community He, OCEANSIDE NY] | WEINSTOCK, DAVID [Specialist, LYNBROOK NY]"
?,Mount Sinai,800631086,,MOUNT SINAI MEDICAL ASSOCIATES,0,2,"name matches, ownership unverified",MOUNT SINAI MEDICAL ASSOCIATES,1/3,ICAHN SCHOOL OF MEDICINE AT MOUNT SINAI x1,ICAHN SCHOOL OF MEDICINE AT MOUNT SINAI x1; LFL INTERNAL MEDICINE ASSOCIATES PC x1,NY3,"CHERNICK, STEPHEN [Podiatrist, FOREST HILLS NY] | ICAHN SCHOOL OF MEDICINE AT MOUNT SINAI [Internal Medicine, Endocrinolo, NEW YORK NY] | LFL INTERNAL MEDICINE ASSOCIATES PC [Internal Medicine, FOREST HILLS NY]"
?,Mount Sinai,300883618,,MOUNT SINAI DOCTORS CCSI,0,2,"name matches, ownership unverified",MOUNT SINAI DOCTORS CCSI,1/2,ICAHN SCHOOL OF MEDICINE AT MOUNT SINAI x1,ICAHN SCHOOL OF MEDICINE AT MOUNT SINAI x1; CARDIOVASCULAR CONSULTANTS OF STATEN ISLAND PC x1,NY2,"ICAHN SCHOOL OF MEDICINE AT MOUNT SINAI [Internal Medicine, Cardiovascu, STATEN ISLAND NY] | CARDIOVASCULAR CONSULTANTS OF STATEN ISLAND PC [Internal Medicine, Cardiovascu, STATEN ISLAND NY]"
?,Mount Sinai,103020231,,BISLR MEDICAL GROUPS OF MOUNT SINAI,0,1,"name matches, ownership unverified",BISLR MEDICAL GROUPS OF MOUNT SINAI,0/1,,,1,"(not in NPPES) [,  ]"
?,Mount Sinai,112819860,,RADIOLOGICAL ASSOC. OF SOUTH NASSAU,0,1,"name matches, ownership unverified",RADIOLOGICAL ASSOC. OF SOUTH NASSAU,0/1,,,1,"(not in NPPES) [,  ]"
?,Mount Sinai,112898134,,NUCLEAR MEDICINE OF SOUTH NASSAU,0,1,"name matches, ownership unverified",NUCLEAR MEDICINE OF SOUTH NASSAU,0/1,,,1,"(not in NPPES) [,  ]"
?,Mount Sinai,113285460,,SOUTH NASSAU RADIATION ONCOLOGYSA,0,1,"name matches, ownership unverified",SOUTH NASSAU RADIATION ONCOLOGYSA,0/1,,,1,"(not in NPPES) [,  ]"
?,Mount Sinai,113564321,,CHIROPRACTIC CENTER OF MT. SINAI,0,1,"name matches, ownership unverified",CHIROPRACTIC CENTER OF MT. SINAI,0/2,,,"1,NY1","(not in NPPES) [,  ] | SALL, DENNIS [Chiropractor, HOLBROOK NY]"
?,Mount Sinai,133746346,,MT. SINAI- RIVERSIDE MEDICAL GROUP,0,1,"name matches, ownership unverified",MT. SINAI- RIVERSIDE MEDICAL GROUP,0/1,,,1,"(not in NPPES) [,  ]"
?,Mount Sinai,112925636,,MOUNT SINAI-MULTISPECIALTY PHYSICIANS,0,1,"name matches, ownership unverified",MOUNT SINAI-MULTISPECIALTY PHYSICIANS,0/3,,,"NY2,1","(not in NPPES) [,  ] | TEITEL, MICHAEL [Internal Medicine, Allergy & I, NEW YORK NY] | MARONE, FREYA [Internal Medicine, DOUGLASTON NY]"
?,Mount Sinai,113581988,,"SOUTH NASSAU PRIMARY MEDICAL CARE, PC",0,1,"name matches, ownership unverified","SOUTH NASSAU PRIMARY MEDICAL CARE, PC",0/8,,SOUTH NASSAU PRIMARY MEDICAL CARE PC x1,"NY7,DE1","LAMOUR, CYNTHIA [Family Medicine, MILLSBORO DE] | MCHYMAN, CAROLYNE [Family Medicine, BELLMORE NY] | SOUTH NASSAU PRIMARY MEDICAL CARE PC [Clinic/Center, Multi-Specialty, BELLMORE NY]"
?,Mount Sinai,814237728,,SOUTH NASSAU PHYSICAL THERAPY P.C.,0,1,"name matches, ownership unverified",SOUTH NASSAU PHYSICAL THERAPY P.C.,0/4,,SOUTH NASSAU PHYSICAL THERAPY PC x1,NY4,"MUNDIA, SABAA [Physical Therapist, HEMPSTEAD NY] | MOSKOWITZ, LAUREN [Occupational Therapist, BROOKLYN NY] | SOUTH NASSAU PHYSICAL THERAPY PC [Physical Therapist, HEMPSTEAD NY]"
?,Mount Sinai,112980257,,PLAZA FOOT CARE MT SINAI,0,1,"name matches, ownership unverified",PLAZA FOOT CARE MT SINAI,0/1,,"PLAZA FOOT CARE OF MT SINAI, P.C. x1",FL1,"PLAZA FOOT CARE OF MT SINAI, P.C. [Clinic/Center, Podiatric, LAKE WORTH FL]"
?,Mount Sinai,205826243,,MIDWIFERY GROUP OF BETH ISRAEL MED,0,1,"name matches, ownership unverified",MIDWIFERY GROUP OF BETH ISRAEL MED,0/148,,,"NY7,PA2,1","(not in NPPES) [,  ] | GANDRA, NIREN [Internal Medicine, CHICAGO IL] | CHEUNG, BARBARA [Internal Medicine, NEW YORK NY]"
?,Mount Sinai,364901314,,MOUNT SINAI DOCTORS - STATEN ISLAND CANCER,0,1,"name matches, ownership unverified",MOUNT SINAI DOCTORS - STATEN ISLAND CANCER,1/1,ICAHN SCHOOL OF MEDICINE AT MOUNT SINAI x1,ICAHN SCHOOL OF MEDICINE AT MOUNT SINAI x1,NY1,"ICAHN SCHOOL OF MEDICINE AT MOUNT SINAI [Internal Medicine, Hematology, STATEN ISLAND NY]"
?,Mount Sinai,273857309,,"SOUTH NASSAU ONCOLOGY, PC",0,1,"name matches, ownership unverified","SOUTH NASSAU ONCOLOGY, PC",0/3,,SOUTH SHORE RADIATION ONCOLOGY ASSOCIATES P C x1,NY3,"MULLEN, EDWARD [Specialist, OCEANSIDE NY] | WU, LEESTER [Radiology, Therapeutic Radiolo, HICKSVILLE NY] | SOUTH SHORE RADIATION ONCOLOGY ASSOCIATES P C [, UNIONDALE NY]"
?,Mount Sinai,371860554,,MOUNT SINAI HOME RECOVERY CARE,0,1,"name matches, ownership unverified",MOUNT SINAI HOME RECOVERY CARE,0/1,,ONE GUSTAVE L LEVY PLACE INDEPENDENT PRACTICE ASSOCIATION LLC x1,TN1,"ONE GUSTAVE L LEVY PLACE INDEPENDENT PRACTICE ASSOCIATION LLC [Case Management, NASHVILLE TN]"
?,Mount Sinai,454517774,,MT. SINAI FPA URGENT CARE CENTER,0,1,"name matches, ownership unverified",MT. SINAI FPA URGENT CARE CENTER,0/5,,ICAHN SCHOOL OF MEDICINE AT MOUNT SINAI x1,"NY3,2","(not in NPPES) [,  ] | ICAHN SCHOOL OF MEDICINE AT MOUNT SINAI [Emergency Medicine, NEW YORK NY] | VOLOKH, VLADIMIR [Family Medicine, STATEN ISLAND NY]"
?,Mount Sinai,300740333,,MOUNT SINAI MANHATTAN HEART,0,1,"name matches, ownership unverified",MOUNT SINAI MANHATTAN HEART,1/1,MOUNT SINAI SCHOOL OF MEDICINE x1,MOUNT SINAI SCHOOL OF MEDICINE x1,NY1,"MOUNT SINAI SCHOOL OF MEDICINE [Internal Medicine, Cardiovascu, NEW YORK NY]"
?,Mount Sinai,320421727,,MT SINAI ASSOCIATES IN INTERNAL MEDICINE,0,1,"name matches, ownership unverified",MT SINAI ASSOCIATES IN INTERNAL MEDICINE,0/1,,ICAHN SCHOOL OF MEDICINE AT MOUNT SINAI x1,NY1,"ICAHN SCHOOL OF MEDICINE AT MOUNT SINAI [Internal Medicine, NEW YORK NY]"
?,NYU Langone,113016374,,WINTHROP RADIOLOGY ASSOCIATES PC,35,1,"name matches, ownership unverified",WINTHROP RADIOLOGY ASSOCIATES PC,0/54,,WINTHROP RADIOLOGY ASSOCIATES PC x1,"NY5,1,PA1","(not in NPPES) [,  ] | HAAS, JONATHAN [, PHILADELPHIA PA] | BROWN, WENDY [Radiology, Diagnostic Radiolog, GRAND RAPIDS MI]"
?,NYU Langone,111633486,,WINTHROP UNIVERSITY HOSPITAL PA NP SERVICES,30,0,"name matches, ownership unverified",WINTHROP UNIVERSITY HOSPITAL PA NP SERVICES,1/30,NYU LANGONE HOSPITALS x1,WINTHROP UNIVERSITY HOSPITAL EMERGENCY ROOM PHYSICIANS x1; NYU LANGONE HOSPITALS x1; WINTHROP FIRST CARE MEDICAL SERVICES PC x1,"NY5,TX1,1","WINTHROP UNIVERSITY HOSPITAL EMERGENCY ROOM PHYSICIANS [Emergency Medicine, BETHPAGE NY] | KHARODE, CHAULA [Psychiatry & Neurology, Neurol, MINEOLA NY] | NYU LANGONE HOSPITALS [General Acute Care Hospital, MINEOLA NY]"
?,NYU Langone,133471315,,NEW YORK UNIVERSITY MEDICAL CENTER PATHO,26,1,"name matches, ownership unverified",NEW YORK UNIVERSITY MEDICAL CENTER PATHO; NYU PATHOLOGY ASSOC,0/32,,,"NY10,NC1,MD1","BARISONI-THOMAS, LAURA [Pathology, Anatomic Pathology, DURHAM NC] | YIM, JOON [Pathology, Anatomic Pathology, ROCKVILLE MD] | OWEITY, THAIRA [Pathology, Cytopathology, NEW YORK NY]"
?,NYU Langone,134024202,,NYU DOWNTOWN FACULTY PRACTICE OPD,25,1,"name matches, ownership unverified",NYU DOWNTOWN FACULTY PRACTICE OPD; NYU DOWNTOWN-OB/GYN,0/31,,NY DOWNTOWN FACULTY PRACTICE OPD x1,"NY10,CT1","ZHANG, VICTORIA [Physical Medicine & Rehabilita, NEW YORK NY] | WANG, ZHAO [Specialist, BROOKLYN NY] | SMITH, ANTHONY [Internal Medicine, Critical Ca, NEW YORK NY]"
?,NYU Langone,462271522,,WINTHROP FIRST CARE MEDICAL SERVICES PC,14,0,"name matches, ownership unverified",WINTHROP FIRST CARE MEDICAL SERVICES PC,0/14,,WINTHROP FIRST CARE MEDICAL SERVICES PC x1; WINTHROP FACULTY MEDICAL AFFILIATES UNIVERSITY FACULTY PRACTICE CORPOR x1,NY8,"BARANIN, RENEE [Emergency Medicine, MANHASSET NY] | WINTHROP FIRST CARE MEDICAL SERVICES PC [Emergency Medicine, BETHPAGE NY] | SHESTAK, WILLIAM [Emergency Medicine, BETHPAGE NY]"
?,NYU Langone,134000626,,NYU NUCLEAR CARDIOLOGY ASSOCIATES,11,1,"name matches, ownership unverified",NYU NUCLEAR CARDIOLOGY ASSOCIATES,0/12,,NYU NUCLEAR CARDIOLOGY ASSOCIATES x1,NY8,"NYU NUCLEAR CARDIOLOGY ASSOCIATES [Internal Medicine, Cardiovascu, NEW YORK NY] | COLE, WILLIAM [Internal Medicine, Cardiovascu, NEW YORK NY] | SRICHAI-PARSIA, MONVADI [Internal Medicine, Cardiovascu, NEW YORK NY]"
?,NYU Langone,133946114,,NEW YORK UNIVERSITY MEDICAL CENTER INTERNAL MEDICINE ASSOCIATES,11,0,"name matches, ownership unverified",NEW YORK UNIVERSITY MEDICAL CENTER INTERNAL MEDICINE ASSOCIATES,0/13,,,NY12,"CARDONE, DENNIS [Family Medicine, Sports Medici, NEW YORK NY] | CARRON, CATHY [Internal Medicine, NEW YORK NY] | BRETTHOLZ, EDWARD [Internal Medicine, Gastroenter, NEW YORK NY]"
?,NYU Langone,830558394,,WINTHROP COUNSELING SERVICES,4,0,"name matches, ownership unverified",WINTHROP COUNSELING SERVICES,0/4,,,FL4,"STAINTON, ALLISON [Social Worker, Clinical, RIVERVIEW FL] | OSTRANDER, ANGELA [Developmental Therapist, RIVERVIEW FL] | CHAMBERS, JAYME [Counselor, Mental Health, GIBSONTON FL]"
?,NYU Langone,112891904,,WINTHROP PEDIATRIC ASSOCIATES PC,4,0,"name matches, ownership unverified",WINTHROP PEDIATRIC ASSOCIATES PC,0/13,,,"NY8,ID1,FL1","MIURA, YUKIKO [Pediatrics, BOISE ID] | HENNING, SHANNON [Pediatrics, SYOSSET NY] | MICHEL, LESLY [Pediatrics, FAR ROCKAWAY NY]"
?,NYU Langone,465512887,,WINTHROP PHYSICAL THERAPY PS,4,0,"name matches, ownership unverified",WINTHROP PHYSICAL THERAPY PS,0/4,,"WINTHROP PT, PS x1",WA4,"RYAN, COLLEEN [Physical Therapist, WENATCHEE WA] | DICKINSON, PETER [Physical Therapist, WINTHROP WA] | KOKES, JENNA [Physical Therapist, WINTHROP WA]"
?,NYU Langone,133831707,,NYU MEDICAL CENTER RADIOLOGY ASSOCIATES,3,0,"name matches, ownership unverified",NYU MEDICAL CENTER RADIOLOGY ASSOCIATES,0/3,,,NY3,"NACHAMIE, MARK [Internal Medicine, NEW YORK NY] | SHAPIRO, MAKSIM [, NEW YORK NY] | YAGHOOBIAN, JAHANGUIR [Radiology, Diagnostic Radiolog, NEW YORK NY]"
?,NYU Langone,113028843,,WINTHROP CARDIOLOGY ASSOCIATES PC,3,0,"name matches, ownership unverified",WINTHROP CARDIOLOGY ASSOCIATES PC,0/3,,WINTHROP CARDIOLOGY ASSOCIATES P C x1; WINTHROP INFECTIOUS DISEASE ASSOCIATES x1,NY3,"WINTHROP CARDIOLOGY ASSOCIATES P C [Internal Medicine, Cardiovascu, MINEOLA NY] | WINTHROP INFECTIOUS DISEASE ASSOCIATES [Internal Medicine, Infectious , BETHPAGE NY] | DELEON, JOSHUA [Internal Medicine, Cardiovascu, MINEOLA NY]"
?,NYU Langone,651173675,,WINTHROP SURGICAL ASSOCIATES PC,3,0,"name matches, ownership unverified",WINTHROP SURGICAL ASSOCIATES PC,0/4,,"WINTHROP FACULTY MEDICAL AFFILIATES UNIVERSITY FACULTY PRACTICE CORPOR x1; WINTHROP SURGICAL ASSOCIATES, PC x1","NY3,RI1","WINTHROP FACULTY MEDICAL AFFILIATES UNIVERSITY FACULTY PRACTICE CORPOR [Surgery, BETHPAGE NY] | CHU, GLORIA [Surgery, PATCHOGUE NY] | VITHIANANTHAN, SIVAMAINTHAN [Surgery, PROVIDENCE RI]"
?,NYU Langone,205682886,,WINTHROP CHILD NEUROLOGY ASSOCIATES PC,2,1,"name matches, ownership unverified",WINTHROP CHILD NEUROLOGY ASSOCIATES PC; WINTHROP FACULTY MEDICAL AFFILIATES UNIVERSITY,0/3,,"WINTHROP FACULTY MEDICAL AFFILIATES UNIVERSITY FACULTY PRACTICE CORP x1; WINTHROP COMMUNITY MEDICAL AFFILIATES, P.C. x1",NY3,"WINTHROP FACULTY MEDICAL AFFILIATES UNIVERSITY FACULTY PRACTICE CORP [Psychiatry & Neurology, Neurol, BETHPAGE NY] | WINTHROP COMMUNITY MEDICAL AFFILIATES, P.C. [Psychiatry & Neurology, Neurol, MINEOLA NY] | MANGANARO, SUSAN [Psychiatry & Neurology, Sleep , STONY BROOK NY]"
?,NYU Langone,133781532,,NYU MC AGING CENTER ASSOC,2,0,"name matches, ownership unverified",NYU MC AGING CENTER ASSOC,0/5,,,"NY4,NJ1","HABIB, SALLY [Psychiatry & Neurology, Psychi, OLD WESTBURY NY] | ROSENTHAL, JANE [Psychiatry & Neurology, Psychi, NEW YORK NY] | ALADJEM, ASHER [Psychiatry & Neurology, Psychi, PATERSON NJ]"
?,NYU Langone,133903688,,NYU MEDICAL CENTER FACULTY PRACTICE,2,0,"name matches, ownership unverified",NYU MEDICAL CENTER FACULTY PRACTICE,0/6,,NEW YORK UNIVERSITY MEDICAL CENTER FACULTY PRACTICE RADIOLOGY x1,NY6,"NEW YORK UNIVERSITY MEDICAL CENTER FACULTY PRACTICE RADIOLOGY [Radiology, Diagnostic Radiolog, NEW YORK NY] | ERINJERI, JOSEPH [Radiology, Vascular & Interven, NEW YORK NY] | SHAPIRO, MAKSIM [, NEW YORK NY]"
?,NYU Langone,923301738,,LANGONE WELLNESS CONSULTING LLC,2,0,"name matches, ownership unverified",LANGONE WELLNESS CONSULTING LLC,0/2,,LANGONE WELLNESS CONSULTING LLC x1,NY2,"SCARANGELLO, NICOLE [Dietitian, Registered, STATEN ISLAND NY] | LANGONE WELLNESS CONSULTING LLC [Dietitian, Registered, STATEN ISLAND NY]"
?,NYU Langone,460617556,,WINTHROP HOSPITALIST ASSOCIATES PC,2,0,"name matches, ownership unverified",WINTHROP HOSPITALIST ASSOCIATES PC,0/2,,,"NY1,GA1","BUSCH, LORI [Internal Medicine, MINEOLA NY] | MCCULLOCH, NORMAN [Preventive Medicine, Undersea , WINDER GA]"
?,NYU Langone,853080331,,WINTHROP EYE CENTER,2,0,"name matches, ownership unverified",WINTHROP EYE CENTER,0/2,,,"1,MA1","(not in NPPES) [,  ] | GEROW, MELDA [Optometrist, WINTHROP MA]"
?,NYU Langone,133954915,,NEW YORK UNIVERSITY MEDICAL CENTER,1,1,"name matches, ownership unverified",NEW YORK UNIVERSITY MEDICAL CENTER; NYU TRANSPLANT ASSOCIATES,0/5,,NEW YORK UNIVERSITY MEDICAL CENTER x1,NY5,"FAHMY, AHMED [Transplant Surgery, NEW YORK NY] | TEPERMAN, LEWIS [Transplant Surgery, NEW YORK NY] | NEW YORK UNIVERSITY MEDICAL CENTER [Transplant Surgery, NEW YORK NY]"
?,NYU Langone,141882259,,WINTHROP ORTHOPAEDIC ASSOCIATES PC,1,0,"name matches, ownership unverified",WINTHROP ORTHOPAEDIC ASSOCIATES PC,0/13,,,"NY10,FL1,NJ1","WILSON, ADAM [Surgery, Surgery of the Hand, GARDEN CITY NY] | GOULD, JASON [Orthopaedic Surgery, Orthopaed, BOCA RATON FL] | DING, BRYAN [Orthopaedic Surgery, Foot and , NEW HYDE PARK NY]"
?,NYU Langone,454122895,,WINTHROP INFECTIOUS DISEASE ASC PC,1,0,"name matches, ownership unverified",WINTHROP INFECTIOUS DISEASE ASC PC,0/1,,,NY1,"POLSKY, BRUCE [Internal Medicine, Infectious , NEW YORK NY]"
?,NYU Langone,113018561,,WINTHROP GASTROENTEROLOGY PC,1,0,"name matches, ownership unverified",WINTHROP GASTROENTEROLOGY PC,0/1,,,AZ1,"PITEA, TEODOR [Internal Medicine, SUN CITY WEST AZ]"
?,NYU Langone,455398689,,WINTHROP NEUROSCIENCE ASSOCIATES,0,2,"name matches, ownership unverified",WINTHROP NEUROSCIENCE ASSOCIATES,0/8,,WINTHROP NEURO-SCIENCE MEDICAL PC x1; WINTHROP FACULTY MEDICAL AFFILIATES UNIVERSITY FACULTY PRACTICE CORPOR x1,"NY6,CA1,PA1","WINTHROP NEURO-SCIENCE MEDICAL PC [Psychiatry & Neurology, Neurol, MINEOLA NY] | JACHNIEWICZ, BARBARA [Registered Nurse, Medical-Surg, SACRAMENTO CA] | MICHEL, KATHLEEN [Nurse Practitioner, Family, MINEOLA NY]"
?,NYU Langone,113396770,,NYU LANGONE AMBULATORY CARE REGO PARK,0,2,"name matches, ownership unverified",NYU LANGONE AMBULATORY CARE REGO PARK,0/6,,NEW YORK UNIVERSITY x2,"NY5,FL1","NEW YORK UNIVERSITY [Anesthesiology, BOYNTON BEACH FL] | PETCHPRAPA, CATHERINE [Radiology, Diagnostic Radiolog, NEW YORK NY] | RAFII, MAHVASH [Radiology, Diagnostic Radiolog, LINDENHURST NY]"
?,NYU Langone,112707087,,WINTHROP FACULTY MEDICAL AFFILIATES UNIVERSITY,0,2,"name matches, ownership unverified",WINTHROP FACULTY MEDICAL AFFILIATES UNIVERSITY,0/3,,"WINTHROP COMMUNITY MEDICAL AFFILIATES, P.C. x1; WINTHROP FACULTY MEDICAL AFFILIATES UNIVERSITY FACULTY PRACTICE CORP x1",NY3,"WINTHROP COMMUNITY MEDICAL AFFILIATES, P.C. [Obstetrics & Gynecology, Mater, MINEOLA NY] | WINTHROP FACULTY MEDICAL AFFILIATES UNIVERSITY FACULTY PRACTICE CORP [Obstetrics & Gynecology, Urogy, BETHPAGE NY] | HAM, LARRY [Obstetrics & Gynecology, ROCKVILLE CENTRE NY]"
?,NYU Langone,112378848,,WINTHROP PED NEURO ASSOC,0,1,"name matches, ownership unverified",WINTHROP PED NEURO ASSOC,0/1,,,1,"(not in NPPES) [,  ]"
?,NYU Langone,260448673,,WINTHROP HYPERBARIC WOUND CARE,0,1,"name matches, ownership unverified",WINTHROP HYPERBARIC WOUND CARE,0/8,,"WINTHROP HYPERBARIC & WOUND CARE SERVICES, P.C x1","NY6,CA1,CT1","WINTHROP HYPERBARIC & WOUND CARE SERVICES, P.C [Emergency Medicine, Undersea a, MINEOLA NY] | GORENSTEIN, SCOTT [Emergency Medicine, MINEOLA NY] | AXLINE, IAN [Physician Assistant, UNIONDALE NY]"
?,NYU Langone,134000632,,NYU WOMEN'S HEALTH,0,1,"name matches, ownership unverified",NYU WOMEN'S HEALTH,1/1,NEW YORK UNIVERSITY x1,NEW YORK UNIVERSITY x1,FL1,"NEW YORK UNIVERSITY [Internal Medicine, Rheumatolog, BOYNTON BEACH FL]"
?,NYU Langone,133683168,,NYU CARDIAC REHAB ASSOC.,0,1,"name matches, ownership unverified",NYU CARDIAC REHAB ASSOC.,0/3,,NEW YORK UNIVERSITY MEDICAL CENTER x1,NY3,"NEW YORK UNIVERSITY MEDICAL CENTER [Internal Medicine, Cardiovascu, NEW YORK NY] | KATZ, EDWARD [Internal Medicine, Cardiovascu, NEW YORK NY] | WHITESON, JONATHAN [Physical Medicine & Rehabilita, NEW YORK NY]"
?,NYU Langone,133644814,,NYU NEONATOLOGY ASSOCIATES,0,1,"name matches, ownership unverified",NYU NEONATOLOGY ASSOCIATES,0/5,,,"NY4,1","(not in NPPES) [,  ] | BAILEY, SEAN [Pediatrics, NEW YORK NY] | WACHTEL, ELENA [Pediatrics, Neonatal-Perinatal, NEW YORK NY]"
?,NYU Langone,133644812,,NYU PEDIATRIC CARDIO,0,1,"name matches, ownership unverified",NYU PEDIATRIC CARDIO,0/7,,NYUMC PEDIATRIC CARDIOLOGY x1,NY7,"NYUMC PEDIATRIC CARDIOLOGY [Pediatrics, Pediatric Cardiolo, NEW YORK NY] | GIUSTI, ROBERT [Pediatrics, Pediatric Pulmonol, NEW YORK NY] | RAFII, DANIELA [Pediatrics, BROOKLYN NY]"
?,NYU Langone,112239841,,WINTHROP PAIN MANAGEMENT CTR,0,1,"name matches, ownership unverified",WINTHROP PAIN MANAGEMENT CTR,0/197,,WINTHROP PAIN MANAGEMENT x1,"NY9,MA1,NJ1","MILLER, LINDSY [Anesthesiology, MINEOLA NY] | MARGOLNICK, STEPHEN [Nurse Anesthetist, Certified R, MANHASSET NY] | KUNDRA, AMITA [Anesthesiology, WOODBURY NY]"
?,NYP,882703979,,COLUMBIA NEW YORK- PRESBYTERIAN ADVANCED IMAGING INC,38,0,"name matches, ownership unverified",COLUMBIA NEW YORK- PRESBYTERIAN ADVANCED IMAGING INC,0/41,,,"NY9,PA1,NJ1","REIS, STEPHEN [Radiology, Diagnostic Radiolog, NEW YORK NY] | AHMAD, NOOR [Radiology, Vascular & Interven, PHILADELPHIA PA] | HIRSCHL, DAVID [Radiology, Vascular & Interven, BRONX NY]"
?,NYP,133908644,,COLUMBIA PRESBYTERIAN EASTSIDE RADIOLOGY GROUP,0,1,"name matches, ownership unverified",COLUMBIA PRESBYTERIAN EASTSIDE RADIOLOGY GROUP,0/1,,TRUSTEES OF COLUMBIA UNIVERSITY IN THE CITY OF NEW YORK x1,NY1,"TRUSTEES OF COLUMBIA UNIVERSITY IN THE CITY OF NEW YORK [Radiology, Diagnostic Radiolog, NEW YORK NY]"
?,NYP,133908649,,COLUMBIA PRESBYTERIAN PATHOLOGISTS,0,1,"name matches, ownership unverified",COLUMBIA PRESBYTERIAN PATHOLOGISTS,0/2,,COLUMBIA PRESBYTERIAN PATHOLOGISTS x1,NY2,"TISCORNIA-WASSERMAN, PATRICIA [Pathology, Cytopathology, NY NY] | COLUMBIA PRESBYTERIAN PATHOLOGISTS [Pathology, Blood Banking & Tra, NEW YORK NY]"
?,NYP,133908643,,COLUMBIA PRESBYTERIAN VASCULAR & INTERVENTIONAL,0,1,"name matches, ownership unverified",COLUMBIA PRESBYTERIAN VASCULAR & INTERVENTIONAL,0/1,,TRUSTEES OF COLUMBIA UNIVERSITY IN THE CITY OF NEW YORK x1,NY1,"TRUSTEES OF COLUMBIA UNIVERSITY IN THE CITY OF NEW YORK [Radiology, Vascular & Interven, NEW YORK NY]"
?,NYP,160874414,,PRESBYTERIAN HOME FOR CENTRAL NEW YORK INC.,0,1,"name matches, ownership unverified",PRESBYTERIAN HOME FOR CENTRAL NEW YORK INC.,0/1,,PRESBYTERIAN HOME FOR CENTRAL NEW YORK INC x1,NY1,"PRESBYTERIAN HOME FOR CENTRAL NEW YORK INC [Skilled Nursing Facility, NEW HARTFORD NY]"
?,WMC,412055655,,WMC CLINIC,3,0,"name matches, ownership unverified",WMC CLINIC,0/3,,,"1,WY1,ND1","(not in NPPES) [,  ] | NOTON, DIANE [Family Medicine, WORLAND WY] | JESSEN, JAMEY [Family Medicine, FARGO ND]"
?,WMC,463975914,,WESTCHESTER MEDICAL WELLNESS PLLC,2,0,"name matches, ownership unverified",WESTCHESTER MEDICAL WELLNESS PLLC,1/3,WESTCHESTER MEDICAL WELLNESS x1,WESTCHESTER MEDICAL WELLNESS x1,"NY2,NJ1","WESTCHESTER MEDICAL WELLNESS [Family Medicine, Bariatric Med, EASTCHESTER NY] | PETRE, LUIZA [Internal Medicine, Cardiovascu, NEW YORK NY] | INZEO, DANA [Nurse Practitioner, Adult Heal, WHIPPANY NJ]"
?,WMC,832297763,,LOWER WESTCHESTER MEDICAL ASSOCIATES PC,2,0,"name matches, ownership unverified",LOWER WESTCHESTER MEDICAL ASSOCIATES PC,0/4,,"LOWER WESTCHESTER MEDICAL ASSOCIATES, P.C. x1",NY4,"SHAHID, ASIM [Internal Medicine, MOUNT VERNON NY] | SHAHID, NADEEM [Family Medicine, MOUNT VERNON NY] | LOWER WESTCHESTER MEDICAL ASSOCIATES, P.C. [Clinic/Center, Primary Care, MOUNT VERNON NY]"
?,WMC,452623089,,ADVANCED SOUTHERN WESTCHESTER MEDICAL PC,2,0,"name matches, ownership unverified",ADVANCED SOUTHERN WESTCHESTER MEDICAL PC,0/2,,"ADVANCED SOUTHERN WESTCHESTER MEDICAL, PC x1",NY2,"EL-MASRY, SHERIF [Urology, YONKERS NY] | ADVANCED SOUTHERN WESTCHESTER MEDICAL, PC [Specialist, YONKERS NY]"
?,WMC,852697229,,SOUTHERN WESTCHESTER MEDICAL PC,1,0,"name matches, ownership unverified",SOUTHERN WESTCHESTER MEDICAL PC,0/1,,,NY1,"NSHIEWAT, JOSEPH [Internal Medicine, YONKERS NY]"
?,WMC,421594137,,WESTCHESTER MEDICAL CENTER INC,1,0,"name matches, ownership unverified",WESTCHESTER MEDICAL CENTER INC,0/1,,,FL1,"HERNANDEZ, ALEIDA [General Practice, DORAL FL]"
?,WMC,133602570,,BRONX WESTCHESTER MEDICAL GROUP PC,0,1,"name matches, ownership unverified",BRONX WESTCHESTER MEDICAL GROUP PC,0/3,,BRONX WESTCHESTER MEDICAL GROUP x1,NY3,"HALBERSTAM, MEYER [Internal Medicine, Endocrinolo, BRONX NY] | BRONX WESTCHESTER MEDICAL GROUP [Specialist, BRONX NY] | CALDERON, ROBERTO [Internal Medicine, NEW ROCHELLE NY]"
?,WMC,465522536,,WESTCHESTER MEDICAL REGIONAL PHYICIAN SERVICES,0,1,"name matches, ownership unverified",WESTCHESTER MEDICAL REGIONAL PHYICIAN SERVICES,1/58,"WESTCHESTER MEDICAL REGIONAL PHYSICIAN SERVICES, PC x1",,"NY10,CT1,VA1","BALKIR, LEVENT [Hospitalist, MOUNT KISCO NY] | FULTON, JOSEPH [, POUGHKEEPSIE NY] | WALKER, SHANNON [Registered Nurse, POUGHKEEPSIE NY]"
?,WMC,202870950,,THE URGENT CARE CENTER AT WESTCHESTER MEDICAL,0,1,"name matches, ownership unverified",THE URGENT CARE CENTER AT WESTCHESTER MEDICAL,0/10,,WESTCHESTER URGENT CARE PLLC x1,"NY7,1","(not in NPPES) [,  ] | STEVENS, PETER [Family Medicine, WHITE PLAINS NY] | CAWLEY, JAMES [Nurse Practitioner, WHITE PLAINS NY]"
?,WMC,132707945,,WESTCHESTER MEDICAL & DENTAL,0,1,"name matches, ownership unverified",WESTCHESTER MEDICAL & DENTAL,0/397,,,"NY10,1,NJ1","(not in NPPES) [,  ] | SPIEKHOUT, ANDREA [Family Medicine, BRONX NY] | SHAH, NEIL [Orthopaedic Surgery, BRONX NY]"
?,White Plains,131624211,,WHITE PLAINS HOSPITAL HOME HEALTH AGENCY,0,1,"name matches, ownership unverified",WHITE PLAINS HOSPITAL HOME HEALTH AGENCY,0/2,,VISITING NURSE SERVICE OF NEW YORK HOME CARE II x1,"1,NY1","(not in NPPES) [,  ] | VISITING NURSE SERVICE OF NEW YORK HOME CARE II [Home Health, NEW YORK NY]"
?,Northwell,133425028,,LENOX HILL RADIOLOGY AND MEDICAL IMAGING,84,1,"name matches, ownership unverified",LENOX HILL RADIOLOGY AND MEDICAL IMAGING; LENOX HILL RADIOLOGY AND MEDICAL IMAGING ASSOCIATE,0/113,,,"NY11,DE1","MORTON, EVAN [Radiology, Diagnostic Radiolog, PURCHASE NY] | BOLTIN, CAROLYN [Radiology, Diagnostic Radiolog, NEW YORK NY] | SEGAL, SUZANNE [Radiology, Diagnostic Radiolog, WOODMERE NY]"
?,Northwell,113265111,,PECONIC BAY PRIMARY MED CARE PC,80,1,"name matches, ownership unverified","PECONIC BAY PRIMARY MED CARE PC; PECONIC BAY PRIMARY MED CARE, P.C.",0/107,,,NY12,"ROSS, KAITLYN [Physician Assistant, SAYVILLE NY] | STOEBE, DANIELLE [Physician Assistant, Medical, RIVERHEAD NY] | NAPOLITANO, BLAISE [Family Medicine, RIVERHEAD NY]"
?,Northwell,133978108,,LENOX HILL ANESTHESIOLOGY PLLC,62,1,"name matches, ownership unverified",LENOX HILL ANESTHESIOLOGY PLLC; LENOX HILL MED ANES,0/79,,,NY12,"STERN, STEVEN [Anesthesiology, MASSAPEQUA PARK NY] | KIM, JANE [Anesthesiology, BROOKLYN NY] | LALLEMAND, ROGER [Anesthesiology, NEW YORK NY]"
?,Northwell,113368503,,HUNTINGTON HOSPITAL DOLAN,52,0,"name matches, ownership unverified",HUNTINGTON HOSPITAL DOLAN,0/54,,,"NY11,CA1","AHUJA, TARANJEET [Pediatrics, HUNTINGTON STATION NY] | DELROSARIO, LUCELLE [Obstetrics & Gynecology, HUNTINGTON NY] | AMINY, HABIB [Family Medicine, BINGHAMTON NY]"
?,Northwell,274384249,,NORTH SHORE UNIVERSITY HSP INDEPENDENCE,48,0,"name matches, ownership unverified",NORTH SHORE UNIVERSITY HSP INDEPENDENCE,0/59,,,"NY10,GA1,TN1","CLARKE, RANDI [Nurse Practitioner, Adult Heal, WOODBURY NY] | GALAN, JANA [Family Medicine, OYSTER BAY NY] | KIM, JINA [Nurse Practitioner, Family, MANHASSET NY]"
?,Northwell,274384049,,NORTH SHORE-LIJ MED GRP AT HUNTINGTON PC,48,0,"name matches, ownership unverified",NORTH SHORE-LIJ MED GRP AT HUNTINGTON PC,0/56,,NORTH SHORE-LIJ MEDICAL GROUP AT HUNTINGTON PC x1,"NY8,MI1","LI, XIN [Surgery, FOREST HILLS NY] | RAHMANI, OMID [, NEW HYDE PARK NY] | RODINO, WILLIAM [, STATEN ISLAND NY]"
?,Northwell,274384146,,NORTH SHORE-LIJ MED GRP AT NRTH NASSAU,45,0,"name matches, ownership unverified",NORTH SHORE-LIJ MED GRP AT NRTH NASSAU,0/56,,,NY12,"OLIVIERI, KAREN [Physician Assistant, NORTHPORT NY] | HAIGHT, JOHN [Podiatrist, VALLEY STREAM NY] | CHEN, YAXI [Pediatrics, ASTORIA NY]"
?,Northwell,850656357,,LENOX HILL FACULTY MEDICAL AFFILIATES UNIVERSITY,20,0,"name matches, ownership unverified",LENOX HILL FACULTY MEDICAL AFFILIATES UNIVERSITY,0/22,,,NY12,"CLEEMAN, EDMOND [Orthopaedic Surgery, NEW YORK NY] | BRETTHOLZ, EDWARD [Internal Medicine, Gastroenter, NEW YORK NY] | KEABLE, CATHERINE [Physician Assistant, NEW YORK NY]"
?,Northwell,465746956,,NORTH SHORE-LIJ PEDIATRICS OF SUFFOLK CO,18,1,"name matches, ownership unverified","NORTH SHORE-LIJ PEDIATRICS OF SUFFOLK CO; NORTH SHORE-LIJ PEDIATRICS OF SUFFOLK COUNTY, PC",0/22,,"NORTH SHORE - LIJ PEDIATRICS OF SUFFOLK COUNTY, P.C. x1",NY8,"CLEMENTI, MARIA [Nurse Practitioner, Pediatrics, HUNTINGTON NY] | BENNETT, LAURA [Pediatrics, ISLANDIA NY] | BRANCA, ELISE [Pediatrics, ISLANDIA NY]"
?,Northwell,461382916,,NORTH SHORE LIJ OB GYN PC,17,0,"name matches, ownership unverified",NORTH SHORE LIJ OB GYN PC,0/17,,,"NY10,RI1,NJ1","LINDSAY, ALTHEA [Obstetrics & Gynecology, WARWICK RI] | CRIHFIELD, ERIC [Obstetrics & Gynecology, ISLANDIA NY] | SCHILIRO, ASHLEY [Obstetrics & Gynecology, MINEOLA NY]"
?,Northwell,462886776,,NORTH SHORE LIJ OBGYN GARDEN CITY,12,0,"name matches, ownership unverified",NORTH SHORE LIJ OBGYN GARDEN CITY,0/12,,,"NY11,NH1","PAOLILLI, JOANNA [Obstetrics & Gynecology, MERRIMACK NH] | ROSENBERG, GARY [Obstetrics & Gynecology, GARDEN CITY NY] | WANG, SOPHIA [Student in an Organized Health, GARDEN CITY NY]"
?,Northwell,275078531,,NORTH SHORE LIJ,9,1,"name matches, ownership unverified",NORTH SHORE LIJ; NORTH SHORE-LIJ MEDICAL GROUP LONG ISLAND,0/12,,NORTH SHORE - LIJ CARDIOLOGY AT DEER PARK PC x1,NY11,"LAWRENCE, JEFFREY [Physician Assistant, Medical, COMMACK NY] | KUPERSMITH, ADAM [Internal Medicine, Cardiovascu, DEER PARK NY] | RODRIGUEZ, DANIEL [Internal Medicine, Cardiovascu, BROOKLYN NY]"
?,Northwell,133644370,,LENOX HILL PATH ASSOC,9,1,"name matches, ownership unverified",LENOX HILL PATH ASSOC; LENOX HILL PATHOLOGY P C,0/9,,"LENOX HILL PATHOLOGY, PC x1","NY6,NJ1,CA1","UNGER, PAMELA [Pathology, Anatomic Pathology , NEW YORK NY] | KATAVA, GORDANA [Pathology, Anatomic Pathology , BERKELEY HEIGHTS NJ] | ANDERSON, TODD [Student in an Organized Health, NEW YORK NY]"
?,Northwell,464036505,,HUNTINGTON HOSPITALIST GROUP INC,9,0,"name matches, ownership unverified",HUNTINGTON HOSPITALIST GROUP INC,0/9,,HUNTINGTON HOSPITALIST GROUP INC x2,"WV7,LA1","HUNTINGTON HOSPITALIST GROUP INC [Clinic/Center, Mental Health (, HUNTINGTON WV] | TATE-KEYSER, LISA [Psychologist, SOUTH CHARLESTON WV] | ARORA, ROBIN [Internal Medicine, Nephrology, HUNTINGTON WV]"
?,Northwell,462822879,,NORTH SHORE-LIJ INTERNAL MEDICINE AT NEW HYDE PARK,8,1,"name matches, ownership unverified",NORTH SHORE-LIJ INTERNAL MEDICINE AT NEW HYDE PARK; NORTHSHORE LIJ INTERNAL MED,0/9,,NORTH SHORE LIJ INTERNAL MEDICINE AT NEW HYDE PARK PC x1,NY9,"DAGLIAN, DENA [Internal Medicine, NEW HYDE PARK NY] | HUBERFELD, SEYMOUR [Internal Medicine, Pulmonary D, NEW HYDE PARK NY] | KREMEN, JOAN [Nurse Practitioner, Adult Heal, NEW HYDE PARK NY]"
?,Northwell,463475908,,NORTH SHORE - LIJ INTERNAL MEDICINE AT LYNBROOK,5,1,"name matches, ownership unverified",NORTH SHORE - LIJ INTERNAL MEDICINE AT LYNBROOK; NORTH SHORE-LIJ IM AT LYNBROOK PC,0/8,,NORTH SHORE - LIJ INTERNAL MEDICINE AT LYNBROOK PC x1,NY8,"WEINSTEIN, JAY [Internal Medicine, NEW YORK NY] | EPSTEIN, NATHANIEL [Internal Medicine, LYNBROOK NY] | ALPERT, BARBARA [Internal Medicine, MOUNT KISCO NY]"
?,Northwell,201443100,,LENOX HILL MEDICAL ASSOCIATES PLLC,5,0,"name matches, ownership unverified",LENOX HILL MEDICAL ASSOCIATES PLLC,0/5,,,NY5,"NG, JOHN PAUL [, NEW YORK NY] | STOCK, RICHARD [, NEW YORK NY] | SADARANGANI, GURMUKH [, HARTSDALE NY]"
?,Northwell,271394353,,LENOX HILL TMS PSYCHIATR,4,1,"name matches, ownership unverified",LENOX HILL TMS PSYCHIATR; LENOX HILL TMS PSYCHIATRI ASS,0/7,,LENOX HILL TMS PSYCHIATRIC ASSOCIATES PLLC x1,"NY6,NJ1","ESTRADA, ROBERTO [, NEW YORK NY] | LENOX HILL TMS PSYCHIATRIC ASSOCIATES PLLC [Psychiatry & Neurology, Psychi, NEW YORK NY] | OMIDVARI, MOHAMMADMEHDI [Psychiatry & Neurology, Psychi, BROOKLYN NY]"
?,Northwell,474991705,,NORTH SHORE UNIV HSP INDEPENDENCE AT HOM,4,0,"name matches, ownership unverified",NORTH SHORE UNIV HSP INDEPENDENCE AT HOM,0/4,,,"NY3,TN1","HALSTEAD, LISA [Social Worker, Clinical, CAMBRIA HEIGHTS NY] | WALSH, ANNE [Nurse Practitioner, Adult Heal, NEW HYDE PARK NY] | SULLIVAN, ERINMARIE [Internal Medicine, NEW YORK NY]"
?,Northwell,471758444,,NORTH SHORE LIJ URGENT CARE PC,3,1,"name matches, ownership unverified",NORTH SHORE LIJ URGENT CARE PC,0/6,,"NORTH SHORE LIJ MEDICAL GROUP URGENT MEDICAL CARE, P.C x1; NORTH SHORE LIJ, URGENT CARE, P.C. x1",NY6,"NORTH SHORE LIJ MEDICAL GROUP URGENT MEDICAL CARE, P.C [Clinic/Center, Urgent Care, GREAT NECK NY] | CONTARINO, ANA [Physician Assistant, STATEN ISLAND NY] | SANCHEZ, DARLENE [Nurse Practitioner, Family, MERRICK NY]"
?,Northwell,133385163,,LENOX HILL CARDIOLOGY ASSOCIATES,2,0,"name matches, ownership unverified",LENOX HILL CARDIOLOGY ASSOCIATES,0/2,,,"NY1,NJ1","DEPASQUALE, EUGENE [Internal Medicine, Cardiovascu, NEW YORK NY] | KUTNICK, RICHARD [Internal Medicine, Cardiovascu, FAIR LAWN NJ]"
?,Northwell,821989290,,LENOX HILL SURGEONS LLP,2,0,"name matches, ownership unverified",LENOX HILL SURGEONS LLP,0/2,,,NY2,"GRINBERG, ROMAN [Surgery, NEW YORK NY] | DRONSKY, VALERY [Surgery, NEW YORK NY]"
?,Northwell,274384326,,NORTH SHORE LIJ PHYSICIAN,2,0,"name matches, ownership unverified",NORTH SHORE LIJ PHYSICIAN,0/3,,,NY3,"KHASANOV, RENAT [Nurse Practitioner, Psych/Ment, GLEN OAKS NY] | CHANG, JERRY [Psychiatry & Neurology, Psychi, ELMHURST NY] | PACHILAKIS, ROSANNE [Psychologist, Clinical, GLEN COVE NY]"
?,Northwell,237007485,,NORTH SHORE UNIVERSITY HOSPITAL CENTER FOR,1,1,"name matches, ownership unverified",NORTH SHORE UNIVERSITY HOSPITAL CENTER FOR; NORTH SHORE-LIJ STERN FAMILY CENTER FOR,1/1,NORTHWELL HEALTH STERN FAMILY CENTER FOR REHABILITATION x1,NORTHWELL HEALTH STERN FAMILY CENTER FOR REHABILITATION x1,NY1,"NORTHWELL HEALTH STERN FAMILY CENTER FOR REHABILITATION [Skilled Nursing Facility, MANHASSET NY]"
?,Northwell,812875653,,LENOX HILL PAIN MANAGEMENT AND SPINE,1,1,"name matches, ownership unverified","LENOX HILL PAIN MANAGEMENT AND SPINE; LENOX HILL PAIN MANAGEMENT AND SPINE, PLLC",0/2,,LENOX HILL PAIN MANAGEMENT AND SPINE PLLC x1,NY2,"LENOX HILL PAIN MANAGEMENT AND SPINE PLLC [Physical Medicine & Rehabilita, NEW YORK NY] | DADUSH, ARIE [Family Medicine, Sports Medici, NEW YORK NY]"
?,Northwell,923311309,,MEDICAL SERVICES OF LENOX HILL PC,1,1,"name matches, ownership unverified","MEDICAL SERVICES OF LENOX HILL PC; MEDICAL SERVICES OF LENOX HILL, P.C.",0/2,,"MEDICAL SERVICES OF LENOX HILL, PC x1",NY2,"KEABLE, CATHERINE [Physician Assistant, NEW YORK NY] | MEDICAL SERVICES OF LENOX HILL, PC [Orthopaedic Surgery, NEW YORK NY]"
?,Northwell,275078246,,NORTH SHORE LIJ URGENT CARE PC,1,1,"name matches, ownership unverified",NORTH SHORE LIJ URGENT CARE PC; NORTH SHORE-LIJ MEDICAL GROUP URGENT MED,0/2,,"NORTH SHORE LIJ, URGENT CARE, P.C. x1",NY2,"NORTH SHORE LIJ, URGENT CARE, P.C. [Clinic/Center, Urgent Care, ROCKVILLE CENTRE NY] | PARK, STEVE [Emergency Medicine, BETHPAGE NY]"
?,Northwell,472151802,,PECONIC BAY MEDICAL SERVICES PC,1,0,"name matches, ownership unverified",PECONIC BAY MEDICAL SERVICES PC,0/1,,,NY1,"SAYEGH, SAMIA [Radiology, Diagnostic Radiolog, MANHASSET NY]"
?,Northwell,473722278,,NORTH SHORE LIJ OB-GYN AT NEW HYDE PK PC,1,0,"name matches, ownership unverified",NORTH SHORE LIJ OB-GYN AT NEW HYDE PK PC,0/1,,,NY1,"JACOB, JESSICA [Obstetrics & Gynecology, NEW HYDE PARK NY]"
?,Northwell,133602462,,LENOX HILL EMERGENCY MEDICAL SERVICE,0,1,"name matches, ownership unverified",LENOX HILL EMERGENCY MEDICAL SERVICE,0/4,,LH EMERGENCY MEDICAL SERVICES PC x1,NY4,"LH EMERGENCY MEDICAL SERVICES PC [Emergency Medicine, NEW YORK NY] | MARIN, MICHAEL [Emergency Medicine, NEW YORK NY] | FINGER, RALPH [Emergency Medicine, NEW YORK NY]"
?,Northwell,134107082,,"STATEN ISLAND UNIVERSITY HOSPITAL PERINATOLOGY, PC",0,1,"name matches, ownership unverified","STATEN ISLAND UNIVERSITY HOSPITAL PERINATOLOGY, PC",0/1,,"STATEN ISLAND UNIVERSITY HOSPITAL PERINATOLOGY, PC x1",NY1,"STATEN ISLAND UNIVERSITY HOSPITAL PERINATOLOGY, PC [Obstetrics & Gynecology, Mater, STATEN ISLAND NY]"
?,Northwell,200719612,,ADVANCED IMAGING AND RADIOLOGY OF LENOX HILL,0,1,"name matches, ownership unverified",ADVANCED IMAGING AND RADIOLOGY OF LENOX HILL,0/2,,ADVANCED IMAGING & RADIOLOGY OF LENOX HILL HOSPITAL PC x1,"TN1,NY1","ADVANCED IMAGING & RADIOLOGY OF LENOX HILL HOSPITAL PC [Internal Medicine, Cardiovascu, KNOXVILLE TN] | WOLFF, STEVEN [Radiology, Diagnostic Radiolog, NEW YORK NY]"
?,Northwell,223970667,,"NORTH SHORE-LIJ RADIOLOGY SERVICES, P.C.",0,1,"name matches, ownership unverified","NORTH SHORE-LIJ RADIOLOGY SERVICES, P.C.",0/15,,"NORTH SHORE RADIOLOGY AT GLEN COVE PC x1; ADVANCED MEDICAL IMAGING OF LONG ISLAND PC x1; GREAT NECK RADIOLOGISTS, PC x1",NY3,"NORTH SHORE RADIOLOGY AT GLEN COVE PC [, WESTBURY NY] | ADVANCED MEDICAL IMAGING OF LONG ISLAND PC [Radiology, Diagnostic Radiolog, GREAT NECK NY] | GREAT NECK RADIOLOGISTS, PC [Radiology, Diagnostic Radiolog, GREAT NECK NY]"
?,Northwell,273957752,,NORTH SHORE-LIJ MEDICAL GROUP IM,0,1,"name matches, ownership unverified",NORTH SHORE-LIJ MEDICAL GROUP IM,0/9,,"NORTH SHORE LIJ MEDICAL GROUP AT NORTH NASSAU, PC x1; NORTH SHORE - LIJ MEDICAL GROUP AT SYOSSET PC x1","NY7,1","MOULINIE, PAUL [Internal Medicine, SYOSSET NY] | PALLA, VENUGOPAL [Internal Medicine, SYOSSET NY] | STICKELMAN, ELISA [Nurse Practitioner, Adult Heal, EAST SETAUKET NY]"
?,Northwell,112223066,,LENOX HILL RADIOLOGY,0,1,"name matches, ownership unverified",LENOX HILL RADIOLOGY,0/29,,,"NY9,PA2,1","(not in NPPES) [,  ] | DECKER, MARK [Radiology, Diagnostic Radiolog, LINDENHURST NY] | GRAPPELL, PAUL [Radiology, Diagnostic Radiolog, PLAINVIEW NY]"
?,Northwell,133143253,,LENOX HILL RADIOLOGY AND MEDICAL IMAGING ASSOCIATE,0,1,"name matches, ownership unverified",LENOX HILL RADIOLOGY AND MEDICAL IMAGING ASSOCIATE,0/5,,"PARK WEST RADIOLOGY, PC x1","NY4,1","(not in NPPES) [,  ] | PARK WEST RADIOLOGY, PC [, NEW YORK NY] | IGEL, NATALIE [Radiology, Diagnostic Radiolog, NEW YORK NY]"
?,NYU Langone/Northwell,461617561,,LANGONE DANIEL E,1073,4,"name matches, ownership unverified",LANGONE DANIEL E; NORTH SHORE-LIJ ANESTHESIOLOGY PC; NORTH SHORE-LIJ MEDICAL PC,1/1276,MONTEFIORE MEDICAL CENTER x1,,"NY8,PA2,1","(not in NPPES) [,  ] | STEFAN, DELIA [Internal Medicine, Endocrinolo, PHILADELPHIA PA] | MILLER, LINDSY [Anesthesiology, MINEOLA NY]"
?,NYP/WMC,562662502,,NEW YORK-PRESBYTERIAN MEDICAL GROUP/HUDSON VALLEY,227,1,"name matches, ownership unverified",NEW YORK-PRESBYTERIAN MEDICAL GROUP/HUDSON VALLEY; WESTCHESTER MEDICAL PRACTICE PC,0/267,,"LAWRENCE MEDICAL ASSOCIATES, PC x1","NY9,CT1","BELKIN, NICOLE [Orthopaedic Surgery, YORKTOWN HEIGHTS NY] | HICKERNELL, THOMAS [Orthopaedic Surgery, STAMFORD CT] | RAJESH, ELSEY [Nurse Practitioner, Acute Care, CORTLANDT MANOR NY]"
?,NYP/WMC,264076297,,NYP MEDICAL GROUP WESTCHESTER OB/GYN,0,2,"name matches, ownership unverified",NYP MEDICAL GROUP WESTCHESTER OB/GYN; WESTCHESTER MEDICAL CENTER ADVANCED PHYSICIAN,0/435,,"LAWRENCE MEDICAL ASSOCIATES, PC x1","NY10,TN1,MD1","BELKIN, NICOLE [Orthopaedic Surgery, YORKTOWN HEIGHTS NY] | GOOD, PAMELA [Student in an Organized Health, NEW YORK NY] | IRANPOUR BOROUJENI, TANNAZ [Internal Medicine, BRONX NY]"
N,Mount Sinai,363305449,,MOUNT SINAI COMMUNITY FOUNDATEION DBA SI,409,0,Sinai Chicago,MOUNT SINAI COMMUNITY FOUNDATEION DBA SI,,,,,
N,Mount Sinai,223452311,,NEWARK BETH ISRAEL MED CTR,77,0,"Newark Beth Israel (NJ, RWJBarnabas)",NEWARK BETH ISRAEL MED CTR,,,,,
N,Mount Sinai,361509000,,MOUNT SINAI HOSPITAL,7,0,"Mount Sinai Hospital, Chicago",MOUNT SINAI HOSPITAL,,,,,
N,Mount Sinai,590624424,,MOUNT SINAI MEDICAL CENTER OF FLORIDA IN,3,0,Mount Sinai Medical Center of Florida,MOUNT SINAI MEDICAL CENTER OF FLORIDA IN,,,,,
N,Mount Sinai,994559342,,MOUNT SINAI MEDICAL SERVICES OF NEW MEXICO LLC,2,0,Mount Sinai Medical Services of New Mexico,MOUNT SINAI MEDICAL SERVICES OF NEW MEXICO LLC,,,,,
N,Mount Sinai,061422973,,MOUNT SINAI REHABILTIATION HOSPITAL INC,2,0,"Mount Sinai Rehabilitation Hospital, CT",MOUNT SINAI REHABILTIATION HOSPITAL INC,,,,,
N,Mount Sinai,825389789,,MOUNT SINAI MEDICAL CENTER OF FLORIDA IN,1,0,Mount Sinai Medical Center of Florida,MOUNT SINAI MEDICAL CENTER OF FLORIDA IN,,,,,
N,NYU Langone,043548519,,REVERE-WINTHROP PEDIATRICS INC,2,0,Revere-Winthrop Pediatrics (MA),REVERE-WINTHROP PEDIATRICS INC,,,,,
N,NYU Langone,851185974,,WINTHROP F WHITCOMB MD,1,0,individual,WINTHROP F WHITCOMB MD,,,,,
N,NYU Langone,043237404,,WINTHROP COMMUNITY HEALTH CENTER,1,0,Winthrop Community Health Center (MA),WINTHROP COMMUNITY HEALTH CENTER,,,,,
N,NYU Langone,421914058,,RACHEL WINTHROP LLC,1,0,individual,RACHEL WINTHROP LLC,,,,,
N,NYU Langone,871182510,,WINTHROP CHIROPRACTIC CORPORATION APC,1,0,Winthrop Chiropractic (CA),WINTHROP CHIROPRACTIC CORPORATION APC,,,,,
N,NYU Langone,680420554,,WINTHROP HALL MD,1,0,individual,WINTHROP HALL MD,,,,,
N,NYU Langone,133956599,,WINTHROP ZACHARY A,0,3,individual named Winthrop,WINTHROP ZACHARY A,,,,,
N,NYU Langone,832675429,,LAWSON NICHOLAS WINTHROP,0,3,individual,LAWSON NICHOLAS WINTHROP; MILLS-MALANGONE RICHARD,,,,,
N,NYU Langone,841856765,,LAWSON NICHOLAS WINTHROP,0,3,individual,LAWSON NICHOLAS WINTHROP; MILLS-MALANGONE RICHARD,,,,,
N,NYP,850105601,,PRESBYTERIAN HEALTHCARE SERVICES,1732,0,Presbyterian Healthcare Services (NM),PRESBYTERIAN HEALTHCARE SERVICES,,,,,
N,NYP,250965480,,UPMC PRESBYTERIAN HOSPITAL,359,0,UPMC Presbyterian,UPMC PRESBYTERIAN HOSPITAL,,,,,
N,NYP,850206810,,PRESBYTERIAN MEDICAL SERVICES INC,227,0,Presbyterian Medical Services (NM),PRESBYTERIAN MEDICAL SERVICES INC,,,,,
N,NYP,560554230,,THE PRESBYTERIAN HOSPITAL,214,0,Presbyterian Hospital (NC),THE PRESBYTERIAN HOSPITAL,,,,,
N,NYP,911780102,,RUSH PRESBYTERIAN ST LIKES MEDICAL,45,0,a different Presbyterian,RUSH PRESBYTERIAN ST LIKES MEDICAL,,,,,
N,NYP,911780163,,RUSH PRESBYTERIAN ST LUKES MEDICAL CENTE,34,0,a different Presbyterian,RUSH PRESBYTERIAN ST LUKES MEDICAL CENTE,,,,,
N,NYP,566099991,,PRESBYTERIAN PATHOLOGY GRO,27,0,a different Presbyterian,PRESBYTERIAN PATHOLOGY GRO,,,,,
N,NYP,911780037,,RUSH PRESBYTERIAN ST LUKES MED,17,0,a different Presbyterian,RUSH PRESBYTERIAN ST LUKES MED,,,,,
N,NYP,232723154,,PRESBYTERIAN MULTI-SPECIALTY GROUP PRACT,17,0,a different Presbyterian,PRESBYTERIAN MULTI-SPECIALTY GROUP PRACT,,,,,
N,NYP,850373591,,PRESBYTERIAN EAR INSTITUTE,15,0,a different Presbyterian,PRESBYTERIAN EAR INSTITUTE,,,,,
N,NYP,592750846,,PRESBYTERIAN COUNSELING CENTER,13,0,a different Presbyterian,PRESBYTERIAN COUNSELING CENTER,,,,,
N,NYP,912022072,,RUSH PRESBYTERIAN ST LUKES HOSPITAL,12,0,a different Presbyterian,RUSH PRESBYTERIAN ST LUKES HOSPITAL,,,,,
N,NYP,912020017,,RUSH-PRESBYTERIAN ST LUKES MEDICAL CTR,12,0,a different Presbyterian,RUSH-PRESBYTERIAN ST LUKES MEDICAL CTR,,,,,
N,NYP,912020018,,RUSH PRESBYTERIAN ST LUKES MEDICAL CTR,12,0,a different Presbyterian,RUSH PRESBYTERIAN ST LUKES MEDICAL CTR,,,,,
N,NYP,561061160,,PRESBYTERIAN SAMARITAN COUNSELINGCENTER,10,0,a different Presbyterian,PRESBYTERIAN SAMARITAN COUNSELINGCENTER,,,,,
N,NYP,561129842,,PRESBYTERIAN COUNSELING CTR,10,0,a different Presbyterian,PRESBYTERIAN COUNSELING CTR,,,,,
N,NYP,912135545,,RUSH PRESBYTERIAN ST LUKES MEDICAL CENTE,10,0,a different Presbyterian,RUSH PRESBYTERIAN ST LUKES MEDICAL CENTE,,,,,
N,NYP,911779986,,RUSH-PRESBYTERIAN ST LUKES MEDICAL CNTR,9,0,a different Presbyterian,RUSH-PRESBYTERIAN ST LUKES MEDICAL CNTR,,,,,
N,NYP,432075459,,PRESBYTERIAN HOSPITAL OF DALLAS,8,0,a different Presbyterian,PRESBYTERIAN HOSPITAL OF DALLAS,,,,,
N,NYP,911780068,,RUSH PRESBYTERIAN ST LUKES S MED CENTER,7,0,a different Presbyterian,RUSH PRESBYTERIAN ST LUKES S MED CENTER,,,,,
N,NYP,911331528,,PRESBYTERIAN COUNSELING SVC,6,0,a different Presbyterian,PRESBYTERIAN COUNSELING SVC,,,,,
N,NYP,911268538,,PRESBYTERIAN COUNSELING SERV,6,0,a different Presbyterian,PRESBYTERIAN COUNSELING SERV,,,,,
N,NYP,750818172,,PRESBYTERIAN CHILDRENS HOME AND SERVICES,6,0,a different Presbyterian,PRESBYTERIAN CHILDRENS HOME AND SERVICES,,,,,
N,NYP,752770738,,TEXAS HEALTH PRESBYTERIAN HOSPITAL PLANO,6,0,a different Presbyterian,TEXAS HEALTH PRESBYTERIAN HOSPITAL PLANO,,,,,
N,NYP,232941518,,PRESBYTERIAN HOMES INC,5,0,a different Presbyterian,PRESBYTERIAN HOMES INC,,,,,
N,NYP,590931267,,PRESBYTERIAN RETIREMENT COMMUNITIES INC,4,0,a different Presbyterian,PRESBYTERIAN RETIREMENT COMMUNITIES INC,,,,,
N,NYP,951643327,,HOAG MEMORIAL HOSPITAL PRESBYTERIAN,3,0,a different Presbyterian,HOAG MEMORIAL HOSPITAL PRESBYTERIAN,,,,,
N,NYP,620698709,,PRESBYTERIAN HOMES OF TENNESSEE,3,0,a different Presbyterian,PRESBYTERIAN HOMES OF TENNESSEE,,,,,
N,NYP,562193249,,PRESBYTERIAN REGIONAL HEALTHCARE CORP,3,0,a different Presbyterian,PRESBYTERIAN REGIONAL HEALTHCARE CORP,,,,,
N,NYP,721568954,,PRESBYTERIAN IMAGING CENTERS LLC,3,0,a different Presbyterian,PRESBYTERIAN IMAGING CENTERS LLC,,,,,
N,NYP,751047527,,TX HLTH PRESBYTERIAN HOSPITAL DALLAS,3,0,a different Presbyterian,TX HLTH PRESBYTERIAN HOSPITAL DALLAS,,,,,
N,NYP,562217545,,PRESBYTERIAN WOMENS CARE CORP,2,0,a different Presbyterian,PRESBYTERIAN WOMENS CARE CORP,,,,,
N,NYP,260069792,,PRESBYTERIAN BREAST CENTER LLC,2,0,a different Presbyterian,PRESBYTERIAN BREAST CENTER LLC,,,,,
N,NYP,560564344,,THE PRESBYTERIAN HOME INC,2,0,a different Presbyterian,THE PRESBYTERIAN HOME INC,,,,,
N,NYP,561376368,,PRESBYTERIAN HOSPITAL,2,0,a different Presbyterian,PRESBYTERIAN HOSPITAL,,,,,
N,NYP,231352512,,PRESBYTERIAN HOMES IN THE PRESBYERY OF H,2,0,a different Presbyterian,PRESBYTERIAN HOMES IN THE PRESBYERY OF H,,,,,
N,NYP,562090263,,PRESBYTERIAN ORTHOPAEDIC HOSPITAL LLC,2,0,a different Presbyterian,PRESBYTERIAN ORTHOPAEDIC HOSPITAL LLC,,,,,
N,NYP,751094140,,GRACE PRESBYTERIAN MINISTRIES INC,2,0,a different Presbyterian,GRACE PRESBYTERIAN MINISTRIES INC,,,,,
N,NYP,752890358,,PRESBYTERIAN HOSP OF ALLE,2,0,a different Presbyterian,PRESBYTERIAN HOSP OF ALLE,,,,,
N,NYP,251729925,,REDSTONE PRESBYTERIAN SENIOR,1,0,a different Presbyterian,REDSTONE PRESBYTERIAN SENIOR,,,,,
N,NYP,710419191,,VERA LLOYD PRESBYTERIAN FAMILY SERVICES,1,0,a different Presbyterian,VERA LLOYD PRESBYTERIAN FAMILY SERVICES,,,,,
N,NYP,251413291,,THE PRESBYTERIAN MEDICAL CENTER OF WASHINGTON PENNSYLVANIA INC,1,0,a different Presbyterian,THE PRESBYTERIAN MEDICAL CENTER OF WASHINGTON PENNSYLVANIA INC,,,,,
N,NYP,250974327,,REFORMED PRESBYTERIAN WOMANS ASSN,1,0,a different Presbyterian,REFORMED PRESBYTERIAN WOMANS ASSN,,,,,
N,NYP,842748057,,PRESBYTERIAN HOSPITAL ASC,1,0,a different Presbyterian,PRESBYTERIAN HOSPITAL ASC,,,,,
N,NYP,251469798,,WILLOWS OF PRESBYTERIAN SR CARE,1,0,a different Presbyterian,WILLOWS OF PRESBYTERIAN SR CARE,,,,,
N,NYP,362167074,,THE COUNSELING CENTE FIRST PRESBYTERIAN,1,0,a different Presbyterian,THE COUNSELING CENTE FIRST PRESBYTERIAN,,,,,
N,NYP,203135052,,PRESBYTERIAN SAMEDAY SURGERY CENTER LL,1,0,a different Presbyterian,PRESBYTERIAN SAMEDAY SURGERY CENTER LL,,,,,
N,NYP,510190369,,PRESBYTERIAN VILLAGE NORTH,1,0,a different Presbyterian,PRESBYTERIAN VILLAGE NORTH,,,,,
N,NYP,590624394,,FIRST PRESBYTERIAN CHURCH OF ORLANDO INC,1,0,a different Presbyterian,FIRST PRESBYTERIAN CHURCH OF ORLANDO INC,,,,,
N,NYP,861495452,,PRESBYTERIAN RUST MEDICAL CENTER AS,1,0,a different Presbyterian,PRESBYTERIAN RUST MEDICAL CENTER AS,,,,,
N,NYP,202004162,,KING FARM PRESBYTERIAN RETIREMENT COMM,1,0,a different Presbyterian,KING FARM PRESBYTERIAN RETIREMENT COMM,,,,,
N,NYP,262673205,,FREE GRACE PRESBYTERIAN CHURCH INC,1,0,a different Presbyterian,FREE GRACE PRESBYTERIAN CHURCH INC,,,,,
N,NYP,262422926,,PRESBYTERIAN SAMEDAY SURGERY CENTER AT,1,0,a different Presbyterian,PRESBYTERIAN SAMEDAY SURGERY CENTER AT,,,,,
N,NYP,952413054,,FOOTHILL PRESBYTERIAN HOSPITAL,1,0,a different Presbyterian,FOOTHILL PRESBYTERIAN HOSPITAL,,,,,
N,NYP,911780109,,RUSH PRESBYTERIAN ST LUKES MEDICAL CENTE,1,0,a different Presbyterian,RUSH PRESBYTERIAN ST LUKES MEDICAL CENTE,,,,,
N,NYP,912022077,,RUSH PRESBYTERIAN ST LUKES MEDICAL CENTE,1,0,a different Presbyterian,RUSH PRESBYTERIAN ST LUKES MEDICAL CENTE,,,,,
N,NYP,911780049,,RUSH PRESBYTERIAN ST LUKES MEDICAL,1,0,a different Presbyterian,RUSH PRESBYTERIAN ST LUKES MEDICAL,,,,,
N,NYP,522133513,,PRESBYTERIAN SENIOR LIVING SERVICES INC,1,0,a different Presbyterian,PRESBYTERIAN SENIOR LIVING SERVICES INC,,,,,
N,NYP,521654803,,WESTMINSTER PRESBYTERIAN RETIREMENT COMM,1,0,a different Presbyterian,WESTMINSTER PRESBYTERIAN RETIREMENT COMM,,,,,
N,NYP,951945832,,VALLEY PRESBYTERIAN HOSPITAL,1,0,a different Presbyterian,VALLEY PRESBYTERIAN HOSPITAL,,,,,
N,NYP,752771437,,TEXAS HEALTH PRESBYTERIAN HOSPITAL,1,0,a different Presbyterian,TEXAS HEALTH PRESBYTERIAN HOSPITAL,,,,,
N,NYP,432008974,,TEXAS HEALTH PRESBYTERIAN HOSPITAL DENTON,1,0,a different Presbyterian,TEXAS HEALTH PRESBYTERIAN HOSPITAL DENTON,,,,,
N,NYP,250979369,,PRESBYTERIAN HOMES IN THE PRESBYTERY OF,1,0,a different Presbyterian,PRESBYTERIAN HOMES IN THE PRESBYTERY OF,,,,,
N,NYP,237154996,,NEWTON PRESBYTERIAN MANOR,0,2,a different Presbyterian,NEWTON PRESBYTERIAN MANOR; PARSONS PRESBYTERIAN MANOR,,,,,
N,WMC,133884168,,WESTCHESTER MEDICAL GROUP,530,1,"Westchester Medical Group = WESTMED/Summit Health, not WMC","WESTCHESTER MEDICAL GROUP; WESTCHESTER MEDICAL GROUP PC; WESTCHESTER MEDICAL GROUP PC - INTERNAL MEDICINE; WESTCHESTER MEDICAL GROUP PC - LAB; WESTCHESTER MEDICAL GROUP PC - OB/GYN; WESTCHESTER MEDICAL GROUP PC - RADIOLOGY; WESTCHESTER MEDICAL GROUP, PC",,,,,
N,WMC,261244585,,WMC TYRONE LLC,6,0,WMC Tyrone (PA),WMC TYRONE LLC,,,,,
N,WMC,812417340,,WMC HEALTH GROUP OF KISSIMMEE,2,0,WMC Health Group of Kissimmee (FL),WMC HEALTH GROUP OF KISSIMMEE,,,,,
N,WMC,952019672,,WESTCHESTER MEDICAL GROUP,1,0,Westchester Medical Group (CA),WESTCHESTER MEDICAL GROUP,,,,,
N,Northwell,550675666,,CABELL HUNTINGTON HOSPITAL,127,0,Cabell Huntington Hospital (WV),CABELL HUNTINGTON HOSPITAL,,,,,
N,Northwell,470481628,,PHELPS MEMORIAL HLTH CTR,114,0,Phelps Memorial Health Center (NE),PHELPS MEMORIAL HLTH CTR,,,,,
N,Northwell,932096172,,NORTHWELL HEALTH MEDICAL NJ PC,2,0,Northwell Health Medical NJ (out of state),NORTHWELL HEALTH MEDICAL NJ PC,,,,,
N,Northwell,873549482,,TRUE NORTHWELLNESS PLLC,1,0,True Northwellness,TRUE NORTHWELLNESS PLLC,,,,,
