include,system,tin,entity_type,entity,npis_cigna,npis_aetna,note,business_names_in_payer_files
Y,Montefiore,131740114,hospital,Montefiore Medical Center,3596,11,,MONTEFIORE HOME HEALTH AGENCY; MONTEFIORE MEDICAL CENTER; MONTEFIORE MEDICAL CENTER NORTH DIVISION; MONTEFIORE MEDICAL GROUP - CO-OP CITY; MONTEFIORE MEDICAL GROUP-BURKE PED'S; MONTEFIORE MEDICAL GROUP/S RIVERDAL; MONTEFIORE NORTH PHYSICIANS; MONTEFIORE WESTCHESTER SQUARE; MONTEFIORE-GERIATRIC AMBULATORY PRACTICE
Y,Montefiore,462931956,hospital,Montefiore New Rochelle Hospital,222,3,,MONTEFIORE NEW ROCHELLE; MONTEFIORE NEW ROCHELLE - PROFESSIONAL BILLING
Y,Montefiore,462916938,hospital,Montefiore Mount Vernon Hospital,172,3,,MONTEFIORE MOUNT VERNON; MONTEFIORE MOUNT VERNON - PROFESSIONAL BILLING; MONTEFIORE MOUNT VERNON HOSPITAL
Y,Montefiore,131740119,hospital,Montefiore Nyack Hospital,93,3,,MONTEFIORE NYACK HOSPITAL; NYACK HOSPITAL; NYACK HOSPITAL HOME CARE
Y,Montefiore,141340054,hospital,Montefiore St. Luke's Cornwall Hospital,2,3,,ST LUKES CORNWALL HOSPITAL; ST. LUKE'S CORNWALL HOSPITAL
Y,Mount Sinai,111352310,hospital,Mount Sinai South Nassau,111,7,,SOUTH NASSAU COMMUNITIES HOSPITAL; SOUTH NASSAU COMMUNITY HOSPITAL EKG CARDIOLOGY; SOUTH NASSAU HOSPITAL HOME CARE; SOUTH NASSAU PATHOLOGY
Y,Mount Sinai,131624096,hospital,The Mount Sinai Hospital (incl. Queens),52,10,,"MOUNT SINAI CENTER FOR CLINICAL LABORATORIES; MOUNT SINAI HOSPITAL; MOUNT SINAI HOSPITAL OF QUEENS; MOUNT SINAI HOSPITAL QUEENS, IM GROUP; MOUNT SINAI MEDICAL CENTER; MOUNT SINAI MSMC DIALYSIS CENTER; MT. SINAI SURGERY"
Y,Mount Sinai,135564934,hospital,Mount Sinai Beth Israel,36,5,,BETH ISRAEL MEDICAL CENTER; BETH ISRAEL MEDICAL CENTER RADIOLOGY; MOUNT SINAI BETH ISRAEL; MOUNT SINAI BI BROOKLYN
Y,Mount Sinai,132997301,hospital,Mount Sinai Morningside / Mount Sinai West,0,5,,MOUNT SINAI HOME INFUSION; MOUNT SINAI MORNINGSIDE; MOUNT SINAI-WEST
Y,Mount Sinai,135562304,hospital,New York Eye and Ear Infirmary of Mount Sinai,0,1,,NEW YORK EYE AND EAR INFIRMARY OF MOUNT SINAI
Y,Mount Sinai,611661781,physician group,Icahn School of Medicine faculty practice,3725,26,,ALLERGY/IMMUNOLOGY DEPT OF MOUNT SINAI; BISLR MEDICAL GROUPS OF MOUNT SINAI; CARDIO VASCULAR INSTITUTE DEPT OF MT SINAI; CARDIOLOGY DEPT OF MOUNT SINAI; CARDIOTHORACIC SURGERY DEPT OF MT. SINAI; CARDIOVASCULAR DISEASE DEPT OF MOUNT SINAI; DENTAL DEPT OF MT SINAI; DERMATOLOGY DEPT OF MOUNT SINAI; ENDOCRINOLOGY DEPT OF MOUNT SINAI; GASTROENTEROLOGY DEPT OF MOUNT SINAI; GENETICS AND GENOMIC SCIENCES DEPT OF MT SINAI; GERIATRICS MEDICINE DEPT OF MOUNT SINAI; HEMATOLOGY DEPT OF MOUNT SINAI; ICAHN SCHOOL OF MEDICINE AT MOUNT; ICAHN SCHOOL OF MEDICINE AT MOUNT SINAI; INFECTIOUS DISEASE DEPT OF MOUNT SINAI; INTERVENTIONAL CARDIOLOGY DEPT OF MOUNT SINAI; MEDICAL ONCOLOGY DEPT OF MOUNT SINAI; MEDICINE DEPT OF MOUNT SINAI; MOUNT SINAI BROOKLYN HEIGHTS MEDICAL GROUP; MOUNT SINAI DOCTORS FACULTY PRACTICE; MOUNT SINAI QUEENS DOCTORS; MT SINAI INTERNAL MEDICINE; MT. SINAI LONG ISLAND CITY PCP; NEPHROLOGY DEPT OF MOUNT SINAI; NEUROLOGY DEPT OF MOUNT SINAI; NEUROSURGERY DEPT OF MOUNT SINAI; NY OBGYN OF MOUNT SINAI; OB/GYN DEPT OF MOUNT SINAI; OPTHALMOLOGY DEPT OF MOUNT SINAI; OTOLARYNGOLOGY DEP. OF MOUNT SINAI; PEDIATRICS DEPT OF MOUNT SINAI; PULMUNARY MEDICINE DEPT OF MOUNT SINAI; RADIATION ONCOLOGY DEPT OF MOUNT SINAI; RHEUMATOLOGY DEPT OF MOUNT SINAI; SLEEP MEDICINE DEPT OF MOUNT SINAI; SURGERY DEPT OF MOUNT SINAI; TISCH DEPARTMENT OF MOUNT SINAI; TRANSPLANT DEPT OF MOUNT SINAI; UROLOGY DEPT OF MT. SINAI
Y,Mount Sinai,800756169,physician group,Mount Sinai Elmhurst faculty practice,889,2,,MOUNT SINAI ELMHURST FACULTY PRACTICE GR; MT. SINAI ELMHURST FACULTY PRACTICE
Y,Mount Sinai,800886397,physician group,Mount Sinai Queens faculty practice,596,8,,ANESTHESIOLOGY DEPT OF MT SINAI QUEENS; FPA HOSP BASED MT SINAI SCHOOL OF MED; MOUNT SINAI DOCTORS AT BROOKLYN HEIGHTS; MOUNT SINAI EMERGENCY DEPARTMENT; MOUNT SINAI EXPRESS CARE; MOUNT SINAI RADIOLOGY ASSOCIATES; MSHQ-ANESTHESIOLOGY DEPT OF MT SINAI; NUCLEAR MEDICINE DEPT OF MT. SINAI; PATHOLOGY HOSPITALIST- MT. SINAI; RADIOLOGY DEPT OF MT. SINAI
Y,Mount Sinai,364734205,physician group,Mount Sinai School of Medicine,322,1,,MOUNT SINAI MARATHON MEDICAL-HOSPITALISTS; MOUNT SINAI SCHOOL OF MEDICINE
Y,Mount Sinai,300607904,physician group,Mount Sinai-Riverside Medical Group,184,1,,MOUNT SINAI-RIVERSIDE MEDICAL GROUP; MT. SINAI RIVERSIDE MEDICAL GROUP; MT. SINAI- RIVERSIDE MEDICAL GROUP
Y,Mount Sinai,611799994,physician group,Icahn School of Medicine,177,0,,ICAHN SCHOOL OF MEDICINE AT MOUNT SINAI
Y,Mount Sinai,301007458,physician group,Mount Sinai Doctors Staten Island,168,1,,MT SINAI DOCTORS STATEN ISLAND MEDICINE; MT. SINAI DOCTORS STATEN ISLAND MEDICINE
Y,Mount Sinai,611781342,physician group,Icahn / Mount Sinai Doctors LIHA,161,1,,ICAHN SCHOOL OF MEDICINE AT MOUNT SINAI; MOUNT SINAI DOCTORS LIHA
Y,Mount Sinai,611895173,physician group,Icahn / Mount Sinai Now,146,1,,ICAHN SCHOOL OF MEDICINE AT MOUNT SINAI; MOUNT SINAI NOW
Y,Mount Sinai,464023734,physician group,Icahn orthopedics,67,1,,ICAHN SCHOOL OF MEDICINE AT MOUNT SINAI; ORTHOPEDIC DEPT OF MOUNT SINAI
Y,NYU Langone,133971298,hospital,"NYU Langone Hospitals (Tisch, Brooklyn, Orthopedic)",409,24,,"NYU HOSPITALS CENTER; NYU LANGONE DIAGNOSTICS, LLC; NYU LANGONE HOME HEALTH CARE; NYU LANGONE HOSPITAL BROOKLYN; NYU LANGONE HOSPITAL LONG ISLAND; NYU LANGONE HOSPITAL SUFFOLK HOSPICE; NYU LANGONE HOSPITAL- SUFFOLK; NYU LANGONE HOSPITALS; NYU LANGONE HOSPITALS RUSK; NYU LANGONE HOSPITALS TISCH; NYU LANGONE ORTHOPEDIC HOSPITAL; NYU LUTHERAN FAMILY HEALTH CENTER-PCP; SUNSET PARK FAMILY HEALTH CENTER AT NYU LANGHORNE; WINTHROP PHYSICIANS ASSISTANTS SERVICES; WINTHROP UNIVERSITY HOSPITAL EEG; WINTHROP UNIVERSITY HOSPITAL EKG; WINTHROP UNIVERSITY HOSPITAL/ANESTHESIOLOGY"
Y,NYU Langone,135562308,physician group,New York University (NYU Langone faculty practice),6379,48,,"NEW YORK UNIVERSITY; NEW YORK UNIVERSITY HEALTH CENTER; NYU 1220 AVENUE P; NYU ANESTHESIA ASSOCIATES; NYU EAST ROCKAWAY PEDIATRICS; NYU EKG ASSOCIATES; NYU EMERGENCY MEDICINE; NYU FACILITY PRACTICE RADIOLOGY; NYU FACULTY GROUP PRACTICE; NYU GREAT NECK MEDICAL; NYU GROUP SURGERY ASSOCIATES; NYU HEALTH SERVICES; NYU INTERNAL MEDICINE ASSOCIATES -MILLER GROUP; NYU LANGONE AMBULATORY CARE REGO PARK; NYU LANGONE CARDIOLOGY ASSOCIATES; NYU LANGONE HUNTINGTON MEDICAL GROUP; NYU LANGONE INTERNAL MEDICINE ASSOCIATES - BAY TER; NYU LANGONE URGENT CARE AT TRINITY; NYU MEDICAL - TRINITY CENTRE; NYU MEDICAL ONCOLOGY ASSOCIATES; NYU RADIOLOGY ASSOCIATES; WFMAU DBA/WINTHROP PATHOLOGY ASSOCIATES; WINTHROP CARDIO AND THOR SURGERY; WINTHROP CARDIOLOGY ASSOCIATES; WINTHROP EMERGENCY PHYSICIANS; WINTHROP ENDOCRINOLOGY, DIABETES AND METABOLISM; WINTHROP FACULTY MEDICAL AFFILIATES UFPC; WINTHROP GASTROENTEROLOGY; WINTHROP HOSPITALIST ASSOCIATES, PC; WINTHROP INFECTIOUS DISEASE ASSOCIATES UFPC; WINTHROP INTERNAL MEDICINE ASSOCIATES; WINTHROP ISLAND WIDE MEDICAL ASSOCIATES; WINTHROP MEDICAL AFFILIATES @ NORTH BABYLON; WINTHROP NEPHROLOGY ASSOCIATES, PC; WINTHROP NEUROSCIENCE ASSOCIATES; WINTHROP ONCOLOGY/HEMATOLOGY ASSOCIATES; WINTHROP ORTHOPAEDIC ASSOCIATES; WINTHROP PATHOLOGY SERVICES, PC; WINTHROP PEDIATRIC ASSOCIATES, P.C.; WINTHROP PEDIATRIC ASSOCIATION; WINTHROP PEDS-DEPT OF NEONATOLOGY; WINTHROP PHYSICAL THERAPY PLLC; WINTHROP PULMONARY ASSOCIATES; WINTHROP RADIOLOGY ASSOCIATES PC; WINTHROP RHEUMATOLOGY ALLERGY AND IMMUNOLOGY PC; WINTHROP SURGICAL ASSOCIATES, P.C.; WINTHROP UROLOGY PC"
Y,NYU Langone,452439597,physician group,NYU Langone Hospital-Long Island faculty (Winthrop),131,0,,WINTHROP FACULTY MEDICAL AFFILIATES UNIV
Y,NYU Langone,472665045,physician group,Winthrop Community Medical Affiliates,68,5,,WINTHROP COMMUNITY MEDICAL AFFILIATES PC; WINTHROP FP HMO CLEANUP
Y,NYU Langone,134000622,physician group,NYU Imaging,39,1,,NYU IMAGING INC; NYU IMAGING INC.
Y,NYU Langone,135598093,physician group,NYU Langone Huntington Medical Group,0,3,,NYU LANGONE HUNTINGTON MEDICAL GROUP
Y,NYP,133957095,hospital,"NewYork-Presbyterian Hospital (Columbia, Weill Cornell, Allen, Lower Manhattan)",21,12,,COLUMBIA PRESBYTERIAN MEDICAL CENTER LAB; NEW YORK PRESBYTERIAN BROOKLYN METHODIST HOSPITAL; NEW YORK PRESBYTERIAN HOSPITAL; NEW YORK PRESBYTERIAN HOSPITAL-ALLEN HOSPITAL; NEW YORK-PRESBYTERIAN HOSPITAL WEILL CORNELL MEDIC; NEW YORK-PRESBYTERIAN WESTCHESTER; NY PRESBYTERIAN HOSP-PAYNE WHITNEY WESTCHESTER; NY PRESBYTERIAN HOSP-WEILL CORNELL MEDICAL CENTER; THE NEW YORK AND PRESBYTERIAN HOSPITAL
Y,NYP,111631796,hospital,NYP Brooklyn Methodist Hospital,7,0,,NEW YORK-PRESBYTERIAN BROOKLYN METHODIST
Y,NYP,111839362,hospital,NYP Queens,0,3,,NEW YORK-PRESBYTERIAN/QUEENS
?,NYP,113124294,hospital,NYP Brooklyn Methodist Hospital,0,1,NPPES: Park Slope OB/GYN PC (payer lists as NYP Brooklyn Methodist),NEWYORK-PRESBYTERIAN BROOKLYN METHODIST HOSPITAL
Y,NYP,131624190,hospital,NYP Westchester Behavioral Health (Payne Whitney),0,1,,NY PRESBYTERIAN HOSP-PAYNE WHITNEY WESTCHESTER
Y,NYP,462333282,hospital,NYP Brooklyn Methodist Hospital,0,1,,NEWYORK-PRESBYTERIAN BROOKLYN METHODIST HOSPITAL
Y,NYP,274719998,physician group,NYP Medical Group Hudson Valley,0,2,,NEW YORK-PRESBYTERIAN MEDICAL GROUP/HUDSON VALLEY; NEW YORK-PRESBYTERIAN MEDICAL GROUP/QUEENS
Y,NYP,131623978,physician group,NYP Medical Group Queens,0,1,,NEW YORK-PRESBYTERIAN MEDICAL GROUP/QUEENS
Y,WMC,133964321,hospital,"Westchester County Health Care Corp (WMC, MidHudson Regional)",10,7,,MID-HUDSON REGIONAL HOSPITAL OF WESTCHESTER; WESTCHESTER COUNTY HEALTH CARE CORP; WESTCHESTER MEDICAL CENTER
Y,WMC,141347717,hospital,Bon Secours Community Hospital (WMCHealth),4,2,,BON SECOURS COMMUNITY HOSPITAL
Y,WMC,264709927,physician group,WMC Advanced Physician Services,1487,3,,WESTCHESTER MEDICAL CENTER ADVANCED PHYS; WESTCHESTER MEDICAL CENTER ADVANCED PHYSICIAN
N,WMC,461883875,physician group,WMC Physician Practices,157,0,"NPPES: WV/PA/OH providers, not WMC",WMC PHYSICIAN PRACTICES INC
Y,White Plains,131740130,hospital,White Plains Hospital,287,5,,URGENT CARE CENTER AT WHITE PLAINS HOSPITAL; WHITE PLAINS HOSPITAL CENTER; WHITE PLAINS HOSPITAL CENTER EMERGENCY PHYSICIANS
Y,Northwell,111639818,hospital,Mather Hospital,361,3,,JOHN T MATHER MEMORIAL HOSPITAL; JOHN T. MATHER HOSPITAL-EMERGENCY MEDICINE; JOHN T. MATHER HOSPITALISTS
Y,Northwell,111630914,hospital,Huntington Hospital,119,5,,HUNTINGTON HOSP INTENSIVE CARE PHYS; HUNTINGTON HOSPITAL ASSOCIATION; HUNTINGTON HOSPITAL PATHOLOGY DEPT.
Y,Northwell,131740118,hospital,Northern Westchester Hospital,96,10,,NORTHERN WESTCHESTER HOSPITAL ASSOCIATIO; NORTHERN WESTCHESTER HOSPITAL CENTER; NORTHERN WESTCHESTER HOSPITAL-YORKTOWN IMAGING
Y,Northwell,111667761,hospital,South Shore University Hospital (Southside),47,4,,SOUTH SHORE UNIVERSITY HOSPITAL; SOUTHSIDE HOSPITAL; SOUTHSIDE HOSPITAL DEPT. OF RADIOLOGY
Y,Northwell,112241326,hospital,Long Island Jewish Forest Hills / LIJ,44,6,,LIJ RADIOLOGY PRIVATE PRACTICE; LONG ISLAND JEWISH FOREST HILLS; LONG ISLAND JEWISH MED CTR RAD-ONCO; LONG ISLAND JEWISH MEDICAL CENTER; LONG ISLAND JEWISH MEDICAL CENTER-PROJECT OUTREACH; LONG ISLAND JEWISH MEDICAL CTR; LONG ISLAND JEWISH VALLEY STREAM; STEVEN AND ALEXANDRA COHEN CHILDRENS MEDICAL CTR
Y,Northwell,131725076,hospital,Phelps Hospital,41,3,,PHELPS MEMORIAL HOSPITAL; PHELPS MEMORIAL HOSPITAL CENTER
Y,Northwell,112965586,hospital,Northwell Healthcare Inc,37,0,,NORTHWELL HEALTHCARE INC
Y,Northwell,112868878,hospital,Staten Island University Hospital,12,3,,STATEN ISLAND UNIVERISTY HOSPITAL; STATEN ISLAND UNIVERSITY HOSPITAL; STATEN ISLAND UNIVERSITY HOSPITAL NORTH SITE MENTA; STATEN ISLAND UNIVERSITY HOSPITAL-NORTH SITE; STATEN ISLAND UNIVERSITY HOSPITAL-SOUTH SITE
Y,Northwell,131624070,hospital,Lenox Hill Hospital,6,2,,LENOX HILL HOSPITAL
Y,Northwell,111562701,hospital,North Shore University Hospital,5,4,,LONG ISLAND JEWISH DIALYSIS CENTER; NORTH SHORE UNIVERSITY HO; NORTH SHORE UNIVERSITY HOSPITAL; NORTH SHORE UNIVERSITY HOSPITAL HEMO DIALYSIS; SYOSSET HOSPITAL
Y,Northwell,111633487,hospital,North Shore University Hospital at Glen Cove,3,0,,NORTH SHORE UNIV HOSP AT GLEN COVE
Y,Northwell,113241243,hospital,Plainview Hospital,2,0,,PLAINVIEW HOSPITAL
Y,Northwell,133775996,hospital,Lenox Hill Hospital,1,0,,LENOX HILL HOSP
Y,Northwell,111661359,hospital,Peconic Bay Medical Center,0,2,,PECONIC BAY HOMEHEALTH; PECONIC BAY MEDICAL CENTER
Y,Northwell,821883445,hospital,Phelps Hospital,0,1,user-confirmed: Phelps Hospital (Northwell); NPPES shows Brightwaters Gynecology PC billing under it,PHELPS MEMORIAL HOSPITAL ASSOCIATION
?,Northwell,133496674,hospital,Phelps Hospital,0,1,NPPES: Westchester Gastroenterology Assoc (payer lists as Phelps),PHELPS MEMORIAL HOSPITAL ASSOCIATION
Y,Northwell,274416017,hospital,Phelps Hospital,0,1,,PHELPS MEMORIAL HOSPITAL ASSOCIATION
Y,Northwell,453023019,physician group,North Shore-LIJ Medical PC (Northwell Health Physician Partners),8428,5,,NORTH SHORE LIJ HEALTH CARE; NORTH SHORE LIJ MEDICAL PC; NORTH SHORE LIJ MEDICAL PC.; NORTH SHORE-LIJ MEDICAL PC
Y,Northwell,275078717,physician group,North Shore-LIJ Cardiovascular Medicine,203,1,,"NORTH SHORE LIJ CARDIOVASCULAR ME; NORTH SHORE-LIJ CARDIOVASCULAR MEDICINE, P.C."
Y,Northwell,452661543,physician group,Lenox Hill Medical PC,35,3,,LENOX HILL HOSPITAL MEDICAL PC; LENOX HILL MEDICAL PC
Y,Northwell,113412370,physician group,Northwell Health Laboratories,1,1,,NORTHWELL HEALTH LABORATORIES
Y,Montefiore,010796859,,MONTEFIORE MEDICAL CENTER,61,0,"Montefiore Medical Center, NPPES all NY",MONTEFIORE MEDICAL CENTER
Y,Montefiore,263443304,,"ST. LUKE'S CORNWALL JV, LLC",0,1,Montefiore St. Luke's Cornwall JV,"ST. LUKE'S CORNWALL JV, LLC"
?,Mount Sinai,383906267,,MEDICINE DEPT OF MOUNT SINAI,50,1,"name matches, ownership unverified",MEDICINE DEPT OF MOUNT SINAI; MOUNT SINAI MAHHASSET MEDICAL; MOUNT SINAI MANHASSET MEDICAL
Y,Mount Sinai,474961193,,SOUTH NASSAU PHYSICIAN GROUP PC,45,0,Mount Sinai South Nassau physician group,SOUTH NASSAU PHYSICIAN GROUP PC
N,Mount Sinai,264069086,,MOUNT SINAI MEDICAL CTR CARDIOLOGY LLC,40,0,"Mount Sinai Medical Center, Miami FL",MOUNT SINAI MEDICAL CTR CARDIOLOGY LLC
Y,Mount Sinai,371603148,,MOUNT SINAI- MULTISPECIALTY PHYSICIANS,28,2,"Mount Sinai multispecialty physicians, NY",MOUNT SINAI- MULTISPECIALTY PHYSICIANS; MOUNT SINAI-MULTISPECIALTY PHYSICIANS; MT SINAI SCHOOL OF MEDICINE
Y,Mount Sinai,800756162,,MOUNT SINAI QUEENS FACULTY PRACTICE,28,1,Mount Sinai Queens faculty practice,MOUNT SINAI QUEENS FACULTY PRACTICE; MOUNT SINAI RADIOLOGY ASSOCIATES
N,Mount Sinai,262893302,,MOUNT SINAI MEDICAL CENTER UROLOGY LLC,27,0,"Mount Sinai Medical Center, Miami FL",MOUNT SINAI MEDICAL CENTER UROLOGY LLC
Y,Mount Sinai,113565450,,SOUTH NASSAU FAMILY MEDICINE,23,1,Mount Sinai South Nassau family medicine,SOUTH NASSAU FAMILY MEDICINE; SOUTH NASSAU FAMILY MEDICINE PC
Y,Mount Sinai,454799159,,SOUTH NASSAU MEDICAL GROUP PC,23,0,Mount Sinai South Nassau medical group,SOUTH NASSAU MEDICAL GROUP PC
Y,Mount Sinai,352678810,,ICAHN SCHOOL OF MEDICINE AT,22,1,NPPES: Icahn School of Medicine at Mount Sinai,ICAHN SCHOOL OF MEDICINE AT; ICAHN SCHOOL OF MEDICINE AT MOUNT SINAI
?,Mount Sinai,383958404,,ICAHN SCHOOL OF MEDICINE AT MOUNT SINAI,22,0,"name matches, ownership unverified",ICAHN SCHOOL OF MEDICINE AT MOUNT SINAI
Y,Mount Sinai,262692377,,SOUTH NASSAU PHYSICIAN PRACTIC PC,21,1,Mount Sinai South Nassau physician practice,"SOUTH NASSAU PHYSICIAN PRACTIC PC; SOUTH NASSAU PHYSICIAN PRACTICE, PC"
N,Mount Sinai,863355115,,MOUNT SINAI VASCULAR INSTITU,14,0,Mount Sinai Miami FL,MOUNT SINAI VASCULAR INSTITU
Y,Mount Sinai,450537391,,MOUNT SINAI DIAGNOSTIC & TREATMENT CENTE,12,0,Mount Sinai Diagnostic & Treatment Center,MOUNT SINAI DIAGNOSTIC & TREATMENT CENTE
?,Mount Sinai,112706137,,SOUTH NASSAU DERMATOLOGY,11,1,"name matches, ownership unverified",SOUTH NASSAU DERMATOLOGY; SOUTH NASSAU DERMATOLOGY PC
Y,Mount Sinai,133988963,,BETH ISRAEL MED,10,0,"Beth Israel Medical Center, NY",BETH ISRAEL MED
Y,Mount Sinai,383931355,,ICAHN SCHOOL OF MEDICINE AT MOUNT S,9,6,NPPES: Icahn School of Medicine at Mount Sinai,ICAHN SCHOOL OF MEDICINE AT MOUNT S; ICAHN SCHOOL OF MEDICINE AT MOUNT SINAI; MT. SINAI PEDIATRICS; ORTHOPEDICS OF MOUNT SINAI SLR; SURGERY DEPT OF MT SINAI SLR; UROLOGY AT BETH ISRAEL MEDICAL CENTER
?,Mount Sinai,320456795,,ICAHN SCHOOL OF MEDICINE AT MOUNT,9,0,"name matches, ownership unverified",ICAHN SCHOOL OF MEDICINE AT MOUNT
?,Mount Sinai,611936379,,ICAHN SCHOOL OF MEDICINE AT MOUNT SINAI,5,0,"name matches, ownership unverified",ICAHN SCHOOL OF MEDICINE AT MOUNT SINAI
N,Mount Sinai,203295727,,MOUNT SINAI MEDICAL CENTER PSYSICIAN PRA,5,0,Mount Sinai Miami FL,MOUNT SINAI MEDICAL CENTER PSYSICIAN PRA
Y,Mount Sinai,136171197,,ICAHN SCHOOL OF MEDICINE AT MOUNT SINAI,4,5,NPPES: Mount Sinai School of Medicine; 12 target NPIs,ICAHN SCHOOL OF MEDICINE AT MOUNT SINAI; MOUNT SINAI GENETIC TESTING LABORATORY; MOUNT SINAI PATHOLOGY ASSOCIATES; MOUNT SINAI PATHOLOGY CONSULTANTS; MT SINAI TRANSFUSION MEDICAL ASSOC; MT SINAI- DIV MED GENETIC; MT SINAI/PEDIATRIC ENDOCRINOLOGY; MT. SINAI PATHOLOGY CONSULTANTS; MT. SINAI RADIOLOGY ASSOCIATES; MT. SINAI SCHOOL OF MEDICINE AMBULATORY SURGERY
?,Mount Sinai,113440790,,SOUTH NASSAU RADIOLOGY PC,4,0,"name matches, ownership unverified",SOUTH NASSAU RADIOLOGY PC
N,Mount Sinai,822152017,,MT SINAI WELLNESS CENTER,4,0,GA practice,MT SINAI WELLNESS CENTER
?,Mount Sinai,454517851,,ICAHN SCHOOL OF MEDICINE AT MOUNT SINAI,2,0,"name matches, ownership unverified",ICAHN SCHOOL OF MEDICINE AT MOUNT SINAI
?,Mount Sinai,133970709,,BETH ISRAEL MEDICAL CENTER BIMC PAIN,2,0,"name matches, ownership unverified",BETH ISRAEL MEDICAL CENTER BIMC PAIN
N,Mount Sinai,990898367,,MOUNT SINAI DOCTORS WEIGHT LOSS CENTER LLC,2,0,TX practice,MOUNT SINAI DOCTORS WEIGHT LOSS CENTER LLC
?,Mount Sinai,205624927,,BETH ISRAEL MEDECIAL CENTER,2,0,"name matches, ownership unverified",BETH ISRAEL MEDECIAL CENTER
?,Mount Sinai,383657559,,SURGICAL SERVICES OF BETH ISRAEL MEDICAL,2,0,"name matches, ownership unverified",SURGICAL SERVICES OF BETH ISRAEL MEDICAL
N,Mount Sinai,263932464,,MOUNT SINAI INTENSIVISTS LLC,2,0,Mount Sinai Miami FL,MOUNT SINAI INTENSIVISTS LLC
?,Mount Sinai,113319620,,SOUTH NASSAU NEONATAL SERVICES P C,2,0,"name matches, ownership unverified",SOUTH NASSAU NEONATAL SERVICES P C
Y,Mount Sinai,371697648,,MOUNT SINAI BROOKLYN HEIGHTS MEDICAL,1,2,Mount Sinai Doctors Brooklyn Heights; NPPES Mount Sinai School of Medicine,MOUNT SINAI BROOKLYN HEIGHTS MEDICAL; MOUNT SINAI BROOKLYN HEIGHTS MEDICAL GROUP
?,Mount Sinai,271057159,,SOUTH NASSAU WALK-IN MEDICAL CARE,1,1,"name matches, ownership unverified",SOUTH NASSAU WALK-IN MEDICAL CARE; SOUTH NASSAU WALK-IN MEDICAL CARE PC
N,Mount Sinai,134941247,,BANKERS TRUST MT SINAI RAD,1,0,not a provider entity,BANKERS TRUST MT SINAI RAD
N,Mount Sinai,261408014,,MOUNT SINAI CARDIO-PRICARE LLC,1,0,Mount Sinai Miami FL,MOUNT SINAI CARDIO-PRICARE LLC
N,Mount Sinai,934782601,,MT SINAI PSYCHIATRIC SERVICES,1,0,NC practice,MT SINAI PSYCHIATRIC SERVICES
N,Mount Sinai,753048539,,MT SINAI UROLOGY,1,0,FL practice,MT SINAI UROLOGY
?,Mount Sinai,113492255,,MOUNT SINAI MANHASSET MEDICAL,0,4,"name matches, ownership unverified",MOUNT SINAI MANHASSET MEDICAL; MOUNT SINAI MARATHON MEDICAL-HOSPITALISTS; NORTH SHORE MEDICAL GROUP OF MOUNT SINAI; NORTH SHORE MEDICAL GROUP OF THE MT. SINAI
Y,Mount Sinai,800631086,,MOUNT SINAI MEDICAL ASSOCIATES,0,2,NPPES: Icahn School of Medicine at Mount Sinai,MOUNT SINAI MEDICAL ASSOCIATES
Y,Mount Sinai,300883618,,MOUNT SINAI DOCTORS CCSI,0,2,NPPES: Icahn School of Medicine at Mount Sinai,MOUNT SINAI DOCTORS CCSI
?,Mount Sinai,103020231,,BISLR MEDICAL GROUPS OF MOUNT SINAI,0,1,"name matches, ownership unverified",BISLR MEDICAL GROUPS OF MOUNT SINAI
?,Mount Sinai,112819860,,RADIOLOGICAL ASSOC. OF SOUTH NASSAU,0,1,"name matches, ownership unverified",RADIOLOGICAL ASSOC. OF SOUTH NASSAU
?,Mount Sinai,112898134,,NUCLEAR MEDICINE OF SOUTH NASSAU,0,1,"name matches, ownership unverified",NUCLEAR MEDICINE OF SOUTH NASSAU
?,Mount Sinai,113285460,,SOUTH NASSAU RADIATION ONCOLOGYSA,0,1,"name matches, ownership unverified",SOUTH NASSAU RADIATION ONCOLOGYSA
N,Mount Sinai,113564321,,CHIROPRACTIC CENTER OF MT. SINAI,0,1,"Mt. Sinai hamlet, chiropractor",CHIROPRACTIC CENTER OF MT. SINAI
?,Mount Sinai,133746346,,MT. SINAI- RIVERSIDE MEDICAL GROUP,0,1,"name matches, ownership unverified",MT. SINAI- RIVERSIDE MEDICAL GROUP
?,Mount Sinai,112925636,,MOUNT SINAI-MULTISPECIALTY PHYSICIANS,0,1,"name matches, ownership unverified",MOUNT SINAI-MULTISPECIALTY PHYSICIANS
?,Mount Sinai,113581988,,"SOUTH NASSAU PRIMARY MEDICAL CARE, PC",0,1,"name matches, ownership unverified","SOUTH NASSAU PRIMARY MEDICAL CARE, PC"
?,Mount Sinai,814237728,,SOUTH NASSAU PHYSICAL THERAPY P.C.,0,1,"name matches, ownership unverified",SOUTH NASSAU PHYSICAL THERAPY P.C.
N,Mount Sinai,112980257,,PLAZA FOOT CARE MT SINAI,0,1,"Mt. Sinai is a hamlet on Long Island; podiatry practice, not the system",PLAZA FOOT CARE MT SINAI
?,Mount Sinai,205826243,,MIDWIFERY GROUP OF BETH ISRAEL MED,0,1,"name matches, ownership unverified",MIDWIFERY GROUP OF BETH ISRAEL MED
Y,Mount Sinai,364901314,,MOUNT SINAI DOCTORS - STATEN ISLAND CANCER,0,1,NPPES: Icahn School of Medicine at Mount Sinai,MOUNT SINAI DOCTORS - STATEN ISLAND CANCER
?,Mount Sinai,273857309,,"SOUTH NASSAU ONCOLOGY, PC",0,1,"name matches, ownership unverified","SOUTH NASSAU ONCOLOGY, PC"
?,Mount Sinai,371860554,,MOUNT SINAI HOME RECOVERY CARE,0,1,"name matches, ownership unverified",MOUNT SINAI HOME RECOVERY CARE
Y,Mount Sinai,454517774,,MT. SINAI FPA URGENT CARE CENTER,0,1,NPPES: Icahn School of Medicine at Mount Sinai,MT. SINAI FPA URGENT CARE CENTER
Y,Mount Sinai,300740333,,MOUNT SINAI MANHATTAN HEART,0,1,NPPES: Mount Sinai School of Medicine,MOUNT SINAI MANHATTAN HEART
Y,Mount Sinai,320421727,,MT SINAI ASSOCIATES IN INTERNAL MEDICINE,0,1,NPPES: Icahn School of Medicine at Mount Sinai,MT SINAI ASSOCIATES IN INTERNAL MEDICINE
?,NYU Langone,113016374,,WINTHROP RADIOLOGY ASSOCIATES PC,35,1,"name matches, ownership unverified",WINTHROP RADIOLOGY ASSOCIATES PC
Y,NYU Langone,111633486,,WINTHROP UNIVERSITY HOSPITAL PA NP SERVICES,30,0,NYU Langone Hospital-Long Island (Winthrop) ER physicians,WINTHROP UNIVERSITY HOSPITAL PA NP SERVICES
Y,NYU Langone,133471315,,NEW YORK UNIVERSITY MEDICAL CENTER PATHO,26,1,NYU Medical Center pathology,NEW YORK UNIVERSITY MEDICAL CENTER PATHO; NYU PATHOLOGY ASSOC
Y,NYU Langone,134024202,,NYU DOWNTOWN FACULTY PRACTICE OPD,25,1,NYU Downtown faculty practice,NYU DOWNTOWN FACULTY PRACTICE OPD; NYU DOWNTOWN-OB/GYN
Y,NYU Langone,462271522,,WINTHROP FIRST CARE MEDICAL SERVICES PC,14,0,NPPES: Winthrop Faculty Medical Affiliates,WINTHROP FIRST CARE MEDICAL SERVICES PC
Y,NYU Langone,134000626,,NYU NUCLEAR CARDIOLOGY ASSOCIATES,11,1,NYU nuclear cardiology,NYU NUCLEAR CARDIOLOGY ASSOCIATES
Y,NYU Langone,133946114,,NEW YORK UNIVERSITY MEDICAL CENTER INTERNAL MEDICINE ASSOCIATES,11,0,NYU Medical Center internal medicine,NEW YORK UNIVERSITY MEDICAL CENTER INTERNAL MEDICINE ASSOCIATES
N,NYU Langone,830558394,,WINTHROP COUNSELING SERVICES,4,0,FL practice,WINTHROP COUNSELING SERVICES
?,NYU Langone,112891904,,WINTHROP PEDIATRIC ASSOCIATES PC,4,0,"name matches, ownership unverified",WINTHROP PEDIATRIC ASSOCIATES PC
N,NYU Langone,465512887,,WINTHROP PHYSICAL THERAPY PS,4,0,WA practice,WINTHROP PHYSICAL THERAPY PS
Y,NYU Langone,133831707,,NYU MEDICAL CENTER RADIOLOGY ASSOCIATES,3,0,NYU Medical Center radiology,NYU MEDICAL CENTER RADIOLOGY ASSOCIATES
?,NYU Langone,113028843,,WINTHROP CARDIOLOGY ASSOCIATES PC,3,0,"name matches, ownership unverified",WINTHROP CARDIOLOGY ASSOCIATES PC
Y,NYU Langone,651173675,,WINTHROP SURGICAL ASSOCIATES PC,3,0,NPPES: Winthrop Faculty Medical Affiliates,WINTHROP SURGICAL ASSOCIATES PC
Y,NYU Langone,205682886,,WINTHROP CHILD NEUROLOGY ASSOCIATES PC,2,1,NPPES: Winthrop Faculty Medical Affiliates,WINTHROP CHILD NEUROLOGY ASSOCIATES PC; WINTHROP FACULTY MEDICAL AFFILIATES UNIVERSITY
Y,NYU Langone,133781532,,NYU MC AGING CENTER ASSOC,2,0,"NYU MC aging center, NY",NYU MC AGING CENTER ASSOC
Y,NYU Langone,133903688,,NYU MEDICAL CENTER FACULTY PRACTICE,2,0,NPPES: NYU Medical Center faculty practice radiology,NYU MEDICAL CENTER FACULTY PRACTICE
N,NYU Langone,923301738,,LANGONE WELLNESS CONSULTING LLC,2,0,"surname, consulting LLC",LANGONE WELLNESS CONSULTING LLC
?,NYU Langone,460617556,,WINTHROP HOSPITALIST ASSOCIATES PC,2,0,"name matches, ownership unverified",WINTHROP HOSPITALIST ASSOCIATES PC
N,NYU Langone,853080331,,WINTHROP EYE CENTER,2,0,MA practice,WINTHROP EYE CENTER
Y,NYU Langone,133954915,,NEW YORK UNIVERSITY MEDICAL CENTER,1,1,NPPES: New York University Medical Center,NEW YORK UNIVERSITY MEDICAL CENTER; NYU TRANSPLANT ASSOCIATES
?,NYU Langone,141882259,,WINTHROP ORTHOPAEDIC ASSOCIATES PC,1,0,"name matches, ownership unverified",WINTHROP ORTHOPAEDIC ASSOCIATES PC
?,NYU Langone,454122895,,WINTHROP INFECTIOUS DISEASE ASC PC,1,0,"name matches, ownership unverified",WINTHROP INFECTIOUS DISEASE ASC PC
N,NYU Langone,113018561,,WINTHROP GASTROENTEROLOGY PC,1,0,AZ practice,WINTHROP GASTROENTEROLOGY PC
Y,NYU Langone,455398689,,WINTHROP NEUROSCIENCE ASSOCIATES,0,2,NPPES: Winthrop Faculty Medical Affiliates,WINTHROP NEUROSCIENCE ASSOCIATES
Y,NYU Langone,113396770,,NYU LANGONE AMBULATORY CARE REGO PARK,0,2,NPPES: New York University; NYU Langone Rego Park,NYU LANGONE AMBULATORY CARE REGO PARK
Y,NYU Langone,112707087,,WINTHROP FACULTY MEDICAL AFFILIATES UNIVERSITY,0,2,NPPES: Winthrop Faculty/Community Medical Affiliates,WINTHROP FACULTY MEDICAL AFFILIATES UNIVERSITY
?,NYU Langone,112378848,,WINTHROP PED NEURO ASSOC,0,1,"name matches, ownership unverified",WINTHROP PED NEURO ASSOC
?,NYU Langone,260448673,,WINTHROP HYPERBARIC WOUND CARE,0,1,"name matches, ownership unverified",WINTHROP HYPERBARIC WOUND CARE
?,NYU Langone,134000632,,NYU WOMEN'S HEALTH,0,1,"name matches, ownership unverified",NYU WOMEN'S HEALTH
Y,NYU Langone,133683168,,NYU CARDIAC REHAB ASSOC.,0,1,NPPES: New York University Medical Center,NYU CARDIAC REHAB ASSOC.
Y,NYU Langone,133644814,,NYU NEONATOLOGY ASSOCIATES,0,1,"NYU neonatology, NY",NYU NEONATOLOGY ASSOCIATES
Y,NYU Langone,133644812,,NYU PEDIATRIC CARDIO,0,1,NPPES: NYUMC pediatric cardiology,NYU PEDIATRIC CARDIO
?,NYU Langone,112239841,,WINTHROP PAIN MANAGEMENT CTR,0,1,"name matches, ownership unverified",WINTHROP PAIN MANAGEMENT CTR
?,NYP,882703979,,COLUMBIA NEW YORK- PRESBYTERIAN ADVANCED IMAGING INC,38,0,"name matches, ownership unverified",COLUMBIA NEW YORK- PRESBYTERIAN ADVANCED IMAGING INC
N,NYP,133908644,,COLUMBIA PRESBYTERIAN EASTSIDE RADIOLOGY GROUP,0,1,"Trustees of Columbia University (ColumbiaDoctors), not NYP",COLUMBIA PRESBYTERIAN EASTSIDE RADIOLOGY GROUP
?,NYP,133908649,,COLUMBIA PRESBYTERIAN PATHOLOGISTS,0,1,"name matches, ownership unverified",COLUMBIA PRESBYTERIAN PATHOLOGISTS
N,NYP,133908643,,COLUMBIA PRESBYTERIAN VASCULAR & INTERVENTIONAL,0,1,"Trustees of Columbia University (ColumbiaDoctors), not NYP",COLUMBIA PRESBYTERIAN VASCULAR & INTERVENTIONAL
N,NYP,160874414,,PRESBYTERIAN HOME FOR CENTRAL NEW YORK INC.,0,1,"nursing home in Utica, unrelated to NYP",PRESBYTERIAN HOME FOR CENTRAL NEW YORK INC.
N,WMC,412055655,,WMC CLINIC,3,0,WY/ND practice,WMC CLINIC
N,WMC,463975914,,WESTCHESTER MEDICAL WELLNESS PLLC,2,0,"independent practice, look-alike name",WESTCHESTER MEDICAL WELLNESS PLLC
N,WMC,832297763,,LOWER WESTCHESTER MEDICAL ASSOCIATES PC,2,0,"independent practice, look-alike name",LOWER WESTCHESTER MEDICAL ASSOCIATES PC
N,WMC,452623089,,ADVANCED SOUTHERN WESTCHESTER MEDICAL PC,2,0,"independent practice, look-alike name",ADVANCED SOUTHERN WESTCHESTER MEDICAL PC
N,WMC,852697229,,SOUTHERN WESTCHESTER MEDICAL PC,1,0,"independent practice, look-alike name",SOUTHERN WESTCHESTER MEDICAL PC
N,WMC,421594137,,WESTCHESTER MEDICAL CENTER INC,1,0,FL entity,WESTCHESTER MEDICAL CENTER INC
N,WMC,133602570,,BRONX WESTCHESTER MEDICAL GROUP PC,0,1,"independent practice, look-alike name",BRONX WESTCHESTER MEDICAL GROUP PC
Y,WMC,465522536,,WESTCHESTER MEDICAL REGIONAL PHYICIAN SERVICES,0,1,Westchester Medical Regional Physician Services = WMCHealth Physicians,WESTCHESTER MEDICAL REGIONAL PHYICIAN SERVICES
N,WMC,202870950,,THE URGENT CARE CENTER AT WESTCHESTER MEDICAL,0,1,"NPPES: Westchester Urgent Care PLLC, independent",THE URGENT CARE CENTER AT WESTCHESTER MEDICAL
?,WMC,132707945,,WESTCHESTER MEDICAL & DENTAL,0,1,"name matches, ownership unverified",WESTCHESTER MEDICAL & DENTAL
?,White Plains,131624211,,WHITE PLAINS HOSPITAL HOME HEALTH AGENCY,0,1,"name matches, ownership unverified",WHITE PLAINS HOSPITAL HOME HEALTH AGENCY
N,Northwell,133425028,,LENOX HILL RADIOLOGY AND MEDICAL IMAGING,84,1,"Lenox Hill Radiology = RadNet, not Northwell",LENOX HILL RADIOLOGY AND MEDICAL IMAGING; LENOX HILL RADIOLOGY AND MEDICAL IMAGING ASSOCIATE
Y,Northwell,113265111,,PECONIC BAY PRIMARY MED CARE PC,80,1,"Peconic Bay primary care, NY","PECONIC BAY PRIMARY MED CARE PC; PECONIC BAY PRIMARY MED CARE, P.C."
?,Northwell,133978108,,LENOX HILL ANESTHESIOLOGY PLLC,62,1,"name matches, ownership unverified",LENOX HILL ANESTHESIOLOGY PLLC; LENOX HILL MED ANES
Y,Northwell,113368503,,HUNTINGTON HOSPITAL DOLAN,52,0,Huntington Hospital Dolan Family Health Center,HUNTINGTON HOSPITAL DOLAN
Y,Northwell,274384249,,NORTH SHORE UNIVERSITY HSP INDEPENDENCE,48,0,North Shore University Hospital Independence,NORTH SHORE UNIVERSITY HSP INDEPENDENCE
Y,Northwell,274384049,,NORTH SHORE-LIJ MED GRP AT HUNTINGTON PC,48,0,NPPES: North Shore-LIJ Medical Group at Huntington,NORTH SHORE-LIJ MED GRP AT HUNTINGTON PC
Y,Northwell,274384146,,NORTH SHORE-LIJ MED GRP AT NRTH NASSAU,45,0,North Shore-LIJ Medical Group at North Nassau,NORTH SHORE-LIJ MED GRP AT NRTH NASSAU
Y,Northwell,850656357,,LENOX HILL FACULTY MEDICAL AFFILIATES UNIVERSITY,20,0,Lenox Hill Faculty Medical Affiliates,LENOX HILL FACULTY MEDICAL AFFILIATES UNIVERSITY
Y,Northwell,465746956,,NORTH SHORE-LIJ PEDIATRICS OF SUFFOLK CO,18,1,NPPES: North Shore-LIJ Pediatrics of Suffolk,"NORTH SHORE-LIJ PEDIATRICS OF SUFFOLK CO; NORTH SHORE-LIJ PEDIATRICS OF SUFFOLK COUNTY, PC"
Y,Northwell,461382916,,NORTH SHORE LIJ OB GYN PC,17,0,North Shore-LIJ OB/GYN,NORTH SHORE LIJ OB GYN PC
Y,Northwell,462886776,,NORTH SHORE LIJ OBGYN GARDEN CITY,12,0,North Shore-LIJ OB/GYN Garden City,NORTH SHORE LIJ OBGYN GARDEN CITY
Y,Northwell,275078531,,NORTH SHORE LIJ,9,1,NPPES: North Shore-LIJ Cardiology at Deer Park,NORTH SHORE LIJ; NORTH SHORE-LIJ MEDICAL GROUP LONG ISLAND
?,Northwell,133644370,,LENOX HILL PATH ASSOC,9,1,"name matches, ownership unverified",LENOX HILL PATH ASSOC; LENOX HILL PATHOLOGY P C
N,Northwell,464036505,,HUNTINGTON HOSPITALIST GROUP INC,9,0,Huntington WV hospitalists,HUNTINGTON HOSPITALIST GROUP INC
Y,Northwell,462822879,,NORTH SHORE-LIJ INTERNAL MEDICINE AT NEW HYDE PARK,8,1,NPPES: North Shore-LIJ Internal Medicine New Hyde Park,NORTH SHORE-LIJ INTERNAL MEDICINE AT NEW HYDE PARK; NORTHSHORE LIJ INTERNAL MED
Y,Northwell,463475908,,NORTH SHORE - LIJ INTERNAL MEDICINE AT LYNBROOK,5,1,NPPES: North Shore-LIJ Internal Medicine Lynbrook,NORTH SHORE - LIJ INTERNAL MEDICINE AT LYNBROOK; NORTH SHORE-LIJ IM AT LYNBROOK PC
?,Northwell,201443100,,LENOX HILL MEDICAL ASSOCIATES PLLC,5,0,"name matches, ownership unverified",LENOX HILL MEDICAL ASSOCIATES PLLC
?,Northwell,271394353,,LENOX HILL TMS PSYCHIATR,4,1,"name matches, ownership unverified",LENOX HILL TMS PSYCHIATR; LENOX HILL TMS PSYCHIATRI ASS
Y,Northwell,474991705,,NORTH SHORE UNIV HSP INDEPENDENCE AT HOM,4,0,North Shore University Hospital Independence at Home,NORTH SHORE UNIV HSP INDEPENDENCE AT HOM
Y,Northwell,471758444,,NORTH SHORE LIJ URGENT CARE PC,3,1,NPPES: North Shore-LIJ Medical Group urgent care,NORTH SHORE LIJ URGENT CARE PC
?,Northwell,133385163,,LENOX HILL CARDIOLOGY ASSOCIATES,2,0,"name matches, ownership unverified",LENOX HILL CARDIOLOGY ASSOCIATES
?,Northwell,821989290,,LENOX HILL SURGEONS LLP,2,0,"name matches, ownership unverified",LENOX HILL SURGEONS LLP
Y,Northwell,274384326,,NORTH SHORE LIJ PHYSICIAN,2,0,North Shore-LIJ physician entity,NORTH SHORE LIJ PHYSICIAN
Y,Northwell,237007485,,NORTH SHORE UNIVERSITY HOSPITAL CENTER FOR,1,1,NPPES: Northwell Health Stern Family Center for Rehabilitation,NORTH SHORE UNIVERSITY HOSPITAL CENTER FOR; NORTH SHORE-LIJ STERN FAMILY CENTER FOR
?,Northwell,812875653,,LENOX HILL PAIN MANAGEMENT AND SPINE,1,1,"name matches, ownership unverified","LENOX HILL PAIN MANAGEMENT AND SPINE; LENOX HILL PAIN MANAGEMENT AND SPINE, PLLC"
?,Northwell,923311309,,MEDICAL SERVICES OF LENOX HILL PC,1,1,"name matches, ownership unverified","MEDICAL SERVICES OF LENOX HILL PC; MEDICAL SERVICES OF LENOX HILL, P.C."
Y,Northwell,275078246,,NORTH SHORE LIJ URGENT CARE PC,1,1,NPPES: North Shore-LIJ Urgent Care,NORTH SHORE LIJ URGENT CARE PC; NORTH SHORE-LIJ MEDICAL GROUP URGENT MED
Y,Northwell,472151802,,PECONIC BAY MEDICAL SERVICES PC,1,0,Peconic Bay Medical Services PC,PECONIC BAY MEDICAL SERVICES PC
Y,Northwell,473722278,,NORTH SHORE LIJ OB-GYN AT NEW HYDE PK PC,1,0,North Shore-LIJ OB/GYN New Hyde Park,NORTH SHORE LIJ OB-GYN AT NEW HYDE PK PC
?,Northwell,133602462,,LENOX HILL EMERGENCY MEDICAL SERVICE,0,1,"name matches, ownership unverified",LENOX HILL EMERGENCY MEDICAL SERVICE
Y,Northwell,134107082,,"STATEN ISLAND UNIVERSITY HOSPITAL PERINATOLOGY, PC",0,1,NPPES: Staten Island University Hospital Perinatology,"STATEN ISLAND UNIVERSITY HOSPITAL PERINATOLOGY, PC"
?,Northwell,200719612,,ADVANCED IMAGING AND RADIOLOGY OF LENOX HILL,0,1,"name matches, ownership unverified",ADVANCED IMAGING AND RADIOLOGY OF LENOX HILL
Y,Northwell,223970667,,"NORTH SHORE-LIJ RADIOLOGY SERVICES, P.C.",0,1,NPPES: North Shore Radiology at Glen Cove,"NORTH SHORE-LIJ RADIOLOGY SERVICES, P.C."
Y,Northwell,273957752,,NORTH SHORE-LIJ MEDICAL GROUP IM,0,1,NPPES: North Shore-LIJ Medical Group at North Nassau,NORTH SHORE-LIJ MEDICAL GROUP IM
N,Northwell,112223066,,LENOX HILL RADIOLOGY,0,1,"Lenox Hill Radiology = RadNet, not Northwell",LENOX HILL RADIOLOGY
N,Northwell,133143253,,LENOX HILL RADIOLOGY AND MEDICAL IMAGING ASSOCIATE,0,1,NPPES: Park West Radiology (RadNet),LENOX HILL RADIOLOGY AND MEDICAL IMAGING ASSOCIATE
?,NYU Langone/Northwell,461617561,,LANGONE DANIEL E,1073,4,"name matches, ownership unverified",LANGONE DANIEL E; NORTH SHORE-LIJ ANESTHESIOLOGY PC; NORTH SHORE-LIJ MEDICAL PC
Y,NYP,562662502,,NEW YORK-PRESBYTERIAN MEDICAL GROUP/HUDSON VALLEY,227,1,NPP Medical Group Hudson Valley / Lawrence Medical Associates (NYP Lawrence),NEW YORK-PRESBYTERIAN MEDICAL GROUP/HUDSON VALLEY; WESTCHESTER MEDICAL PRACTICE PC
Y,NYP,264076297,,NYP MEDICAL GROUP WESTCHESTER OB/GYN,0,2,NYP Medical Group Westchester OB/GYN / Lawrence Medical Associates (NYP Lawrence),NYP MEDICAL GROUP WESTCHESTER OB/GYN; WESTCHESTER MEDICAL CENTER ADVANCED PHYSICIAN
N,Mount Sinai,363305449,,MOUNT SINAI COMMUNITY FOUNDATEION DBA SI,409,0,Sinai Chicago,MOUNT SINAI COMMUNITY FOUNDATEION DBA SI
N,Mount Sinai,223452311,,NEWARK BETH ISRAEL MED CTR,77,0,"Newark Beth Israel (NJ, RWJBarnabas)",NEWARK BETH ISRAEL MED CTR
N,Mount Sinai,361509000,,MOUNT SINAI HOSPITAL,7,0,"Mount Sinai Hospital, Chicago",MOUNT SINAI HOSPITAL
N,Mount Sinai,590624424,,MOUNT SINAI MEDICAL CENTER OF FLORIDA IN,3,0,Mount Sinai Medical Center of Florida,MOUNT SINAI MEDICAL CENTER OF FLORIDA IN
N,Mount Sinai,994559342,,MOUNT SINAI MEDICAL SERVICES OF NEW MEXICO LLC,2,0,Mount Sinai Medical Services of New Mexico,MOUNT SINAI MEDICAL SERVICES OF NEW MEXICO LLC
N,Mount Sinai,061422973,,MOUNT SINAI REHABILTIATION HOSPITAL INC,2,0,"Mount Sinai Rehabilitation Hospital, CT",MOUNT SINAI REHABILTIATION HOSPITAL INC
N,Mount Sinai,825389789,,MOUNT SINAI MEDICAL CENTER OF FLORIDA IN,1,0,Mount Sinai Medical Center of Florida,MOUNT SINAI MEDICAL CENTER OF FLORIDA IN
N,NYU Langone,043548519,,REVERE-WINTHROP PEDIATRICS INC,2,0,Revere-Winthrop Pediatrics (MA),REVERE-WINTHROP PEDIATRICS INC
N,NYU Langone,851185974,,WINTHROP F WHITCOMB MD,1,0,individual,WINTHROP F WHITCOMB MD
N,NYU Langone,043237404,,WINTHROP COMMUNITY HEALTH CENTER,1,0,Winthrop Community Health Center (MA),WINTHROP COMMUNITY HEALTH CENTER
N,NYU Langone,421914058,,RACHEL WINTHROP LLC,1,0,individual,RACHEL WINTHROP LLC
N,NYU Langone,871182510,,WINTHROP CHIROPRACTIC CORPORATION APC,1,0,Winthrop Chiropractic (CA),WINTHROP CHIROPRACTIC CORPORATION APC
N,NYU Langone,680420554,,WINTHROP HALL MD,1,0,individual,WINTHROP HALL MD
N,NYU Langone,133956599,,WINTHROP ZACHARY A,0,3,individual named Winthrop,WINTHROP ZACHARY A
N,NYU Langone,832675429,,LAWSON NICHOLAS WINTHROP,0,3,individual,LAWSON NICHOLAS WINTHROP; MILLS-MALANGONE RICHARD
N,NYU Langone,841856765,,LAWSON NICHOLAS WINTHROP,0,3,individual,LAWSON NICHOLAS WINTHROP; MILLS-MALANGONE RICHARD
N,NYP,850105601,,PRESBYTERIAN HEALTHCARE SERVICES,1732,0,Presbyterian Healthcare Services (NM),PRESBYTERIAN HEALTHCARE SERVICES
N,NYP,250965480,,UPMC PRESBYTERIAN HOSPITAL,359,0,UPMC Presbyterian,UPMC PRESBYTERIAN HOSPITAL
N,NYP,850206810,,PRESBYTERIAN MEDICAL SERVICES INC,227,0,Presbyterian Medical Services (NM),PRESBYTERIAN MEDICAL SERVICES INC
N,NYP,560554230,,THE PRESBYTERIAN HOSPITAL,214,0,Presbyterian Hospital (NC),THE PRESBYTERIAN HOSPITAL
N,NYP,911780102,,RUSH PRESBYTERIAN ST LIKES MEDICAL,45,0,a different Presbyterian,RUSH PRESBYTERIAN ST LIKES MEDICAL
N,NYP,911780163,,RUSH PRESBYTERIAN ST LUKES MEDICAL CENTE,34,0,a different Presbyterian,RUSH PRESBYTERIAN ST LUKES MEDICAL CENTE
N,NYP,566099991,,PRESBYTERIAN PATHOLOGY GRO,27,0,a different Presbyterian,PRESBYTERIAN PATHOLOGY GRO
N,NYP,911780037,,RUSH PRESBYTERIAN ST LUKES MED,17,0,a different Presbyterian,RUSH PRESBYTERIAN ST LUKES MED
N,NYP,232723154,,PRESBYTERIAN MULTI-SPECIALTY GROUP PRACT,17,0,a different Presbyterian,PRESBYTERIAN MULTI-SPECIALTY GROUP PRACT
N,NYP,850373591,,PRESBYTERIAN EAR INSTITUTE,15,0,a different Presbyterian,PRESBYTERIAN EAR INSTITUTE
N,NYP,592750846,,PRESBYTERIAN COUNSELING CENTER,13,0,a different Presbyterian,PRESBYTERIAN COUNSELING CENTER
N,NYP,912022072,,RUSH PRESBYTERIAN ST LUKES HOSPITAL,12,0,a different Presbyterian,RUSH PRESBYTERIAN ST LUKES HOSPITAL
N,NYP,912020017,,RUSH-PRESBYTERIAN ST LUKES MEDICAL CTR,12,0,a different Presbyterian,RUSH-PRESBYTERIAN ST LUKES MEDICAL CTR
N,NYP,912020018,,RUSH PRESBYTERIAN ST LUKES MEDICAL CTR,12,0,a different Presbyterian,RUSH PRESBYTERIAN ST LUKES MEDICAL CTR
N,NYP,561061160,,PRESBYTERIAN SAMARITAN COUNSELINGCENTER,10,0,a different Presbyterian,PRESBYTERIAN SAMARITAN COUNSELINGCENTER
N,NYP,561129842,,PRESBYTERIAN COUNSELING CTR,10,0,a different Presbyterian,PRESBYTERIAN COUNSELING CTR
N,NYP,912135545,,RUSH PRESBYTERIAN ST LUKES MEDICAL CENTE,10,0,a different Presbyterian,RUSH PRESBYTERIAN ST LUKES MEDICAL CENTE
N,NYP,911779986,,RUSH-PRESBYTERIAN ST LUKES MEDICAL CNTR,9,0,a different Presbyterian,RUSH-PRESBYTERIAN ST LUKES MEDICAL CNTR
N,NYP,432075459,,PRESBYTERIAN HOSPITAL OF DALLAS,8,0,a different Presbyterian,PRESBYTERIAN HOSPITAL OF DALLAS
N,NYP,911780068,,RUSH PRESBYTERIAN ST LUKES S MED CENTER,7,0,a different Presbyterian,RUSH PRESBYTERIAN ST LUKES S MED CENTER
N,NYP,911331528,,PRESBYTERIAN COUNSELING SVC,6,0,a different Presbyterian,PRESBYTERIAN COUNSELING SVC
N,NYP,911268538,,PRESBYTERIAN COUNSELING SERV,6,0,a different Presbyterian,PRESBYTERIAN COUNSELING SERV
N,NYP,750818172,,PRESBYTERIAN CHILDRENS HOME AND SERVICES,6,0,a different Presbyterian,PRESBYTERIAN CHILDRENS HOME AND SERVICES
N,NYP,752770738,,TEXAS HEALTH PRESBYTERIAN HOSPITAL PLANO,6,0,a different Presbyterian,TEXAS HEALTH PRESBYTERIAN HOSPITAL PLANO
N,NYP,232941518,,PRESBYTERIAN HOMES INC,5,0,a different Presbyterian,PRESBYTERIAN HOMES INC
N,NYP,590931267,,PRESBYTERIAN RETIREMENT COMMUNITIES INC,4,0,a different Presbyterian,PRESBYTERIAN RETIREMENT COMMUNITIES INC
N,NYP,951643327,,HOAG MEMORIAL HOSPITAL PRESBYTERIAN,3,0,a different Presbyterian,HOAG MEMORIAL HOSPITAL PRESBYTERIAN
N,NYP,620698709,,PRESBYTERIAN HOMES OF TENNESSEE,3,0,a different Presbyterian,PRESBYTERIAN HOMES OF TENNESSEE
N,NYP,562193249,,PRESBYTERIAN REGIONAL HEALTHCARE CORP,3,0,a different Presbyterian,PRESBYTERIAN REGIONAL HEALTHCARE CORP
N,NYP,721568954,,PRESBYTERIAN IMAGING CENTERS LLC,3,0,a different Presbyterian,PRESBYTERIAN IMAGING CENTERS LLC
N,NYP,751047527,,TX HLTH PRESBYTERIAN HOSPITAL DALLAS,3,0,a different Presbyterian,TX HLTH PRESBYTERIAN HOSPITAL DALLAS
N,NYP,562217545,,PRESBYTERIAN WOMENS CARE CORP,2,0,a different Presbyterian,PRESBYTERIAN WOMENS CARE CORP
N,NYP,260069792,,PRESBYTERIAN BREAST CENTER LLC,2,0,a different Presbyterian,PRESBYTERIAN BREAST CENTER LLC
N,NYP,560564344,,THE PRESBYTERIAN HOME INC,2,0,a different Presbyterian,THE PRESBYTERIAN HOME INC
N,NYP,561376368,,PRESBYTERIAN HOSPITAL,2,0,a different Presbyterian,PRESBYTERIAN HOSPITAL
N,NYP,231352512,,PRESBYTERIAN HOMES IN THE PRESBYERY OF H,2,0,a different Presbyterian,PRESBYTERIAN HOMES IN THE PRESBYERY OF H
N,NYP,562090263,,PRESBYTERIAN ORTHOPAEDIC HOSPITAL LLC,2,0,a different Presbyterian,PRESBYTERIAN ORTHOPAEDIC HOSPITAL LLC
N,NYP,751094140,,GRACE PRESBYTERIAN MINISTRIES INC,2,0,a different Presbyterian,GRACE PRESBYTERIAN MINISTRIES INC
N,NYP,752890358,,PRESBYTERIAN HOSP OF ALLE,2,0,a different Presbyterian,PRESBYTERIAN HOSP OF ALLE
N,NYP,251729925,,REDSTONE PRESBYTERIAN SENIOR,1,0,a different Presbyterian,REDSTONE PRESBYTERIAN SENIOR
N,NYP,710419191,,VERA LLOYD PRESBYTERIAN FAMILY SERVICES,1,0,a different Presbyterian,VERA LLOYD PRESBYTERIAN FAMILY SERVICES
N,NYP,251413291,,THE PRESBYTERIAN MEDICAL CENTER OF WASHINGTON PENNSYLVANIA INC,1,0,a different Presbyterian,THE PRESBYTERIAN MEDICAL CENTER OF WASHINGTON PENNSYLVANIA INC
N,NYP,250974327,,REFORMED PRESBYTERIAN WOMANS ASSN,1,0,a different Presbyterian,REFORMED PRESBYTERIAN WOMANS ASSN
N,NYP,842748057,,PRESBYTERIAN HOSPITAL ASC,1,0,a different Presbyterian,PRESBYTERIAN HOSPITAL ASC
N,NYP,251469798,,WILLOWS OF PRESBYTERIAN SR CARE,1,0,a different Presbyterian,WILLOWS OF PRESBYTERIAN SR CARE
N,NYP,362167074,,THE COUNSELING CENTE FIRST PRESBYTERIAN,1,0,a different Presbyterian,THE COUNSELING CENTE FIRST PRESBYTERIAN
N,NYP,203135052,,PRESBYTERIAN SAMEDAY SURGERY CENTER LL,1,0,a different Presbyterian,PRESBYTERIAN SAMEDAY SURGERY CENTER LL
N,NYP,510190369,,PRESBYTERIAN VILLAGE NORTH,1,0,a different Presbyterian,PRESBYTERIAN VILLAGE NORTH
N,NYP,590624394,,FIRST PRESBYTERIAN CHURCH OF ORLANDO INC,1,0,a different Presbyterian,FIRST PRESBYTERIAN CHURCH OF ORLANDO INC
N,NYP,861495452,,PRESBYTERIAN RUST MEDICAL CENTER AS,1,0,a different Presbyterian,PRESBYTERIAN RUST MEDICAL CENTER AS
N,NYP,202004162,,KING FARM PRESBYTERIAN RETIREMENT COMM,1,0,a different Presbyterian,KING FARM PRESBYTERIAN RETIREMENT COMM
N,NYP,262673205,,FREE GRACE PRESBYTERIAN CHURCH INC,1,0,a different Presbyterian,FREE GRACE PRESBYTERIAN CHURCH INC
N,NYP,262422926,,PRESBYTERIAN SAMEDAY SURGERY CENTER AT,1,0,a different Presbyterian,PRESBYTERIAN SAMEDAY SURGERY CENTER AT
N,NYP,952413054,,FOOTHILL PRESBYTERIAN HOSPITAL,1,0,a different Presbyterian,FOOTHILL PRESBYTERIAN HOSPITAL
N,NYP,911780109,,RUSH PRESBYTERIAN ST LUKES MEDICAL CENTE,1,0,a different Presbyterian,RUSH PRESBYTERIAN ST LUKES MEDICAL CENTE
N,NYP,912022077,,RUSH PRESBYTERIAN ST LUKES MEDICAL CENTE,1,0,a different Presbyterian,RUSH PRESBYTERIAN ST LUKES MEDICAL CENTE
N,NYP,911780049,,RUSH PRESBYTERIAN ST LUKES MEDICAL,1,0,a different Presbyterian,RUSH PRESBYTERIAN ST LUKES MEDICAL
N,NYP,522133513,,PRESBYTERIAN SENIOR LIVING SERVICES INC,1,0,a different Presbyterian,PRESBYTERIAN SENIOR LIVING SERVICES INC
N,NYP,521654803,,WESTMINSTER PRESBYTERIAN RETIREMENT COMM,1,0,a different Presbyterian,WESTMINSTER PRESBYTERIAN RETIREMENT COMM
N,NYP,951945832,,VALLEY PRESBYTERIAN HOSPITAL,1,0,a different Presbyterian,VALLEY PRESBYTERIAN HOSPITAL
N,NYP,752771437,,TEXAS HEALTH PRESBYTERIAN HOSPITAL,1,0,a different Presbyterian,TEXAS HEALTH PRESBYTERIAN HOSPITAL
N,NYP,432008974,,TEXAS HEALTH PRESBYTERIAN HOSPITAL DENTON,1,0,a different Presbyterian,TEXAS HEALTH PRESBYTERIAN HOSPITAL DENTON
N,NYP,250979369,,PRESBYTERIAN HOMES IN THE PRESBYTERY OF,1,0,a different Presbyterian,PRESBYTERIAN HOMES IN THE PRESBYTERY OF
N,NYP,237154996,,NEWTON PRESBYTERIAN MANOR,0,2,a different Presbyterian,NEWTON PRESBYTERIAN MANOR; PARSONS PRESBYTERIAN MANOR
N,WMC,133884168,,WESTCHESTER MEDICAL GROUP,530,1,"Westchester Medical Group = WESTMED/Summit Health, not WMC","WESTCHESTER MEDICAL GROUP; WESTCHESTER MEDICAL GROUP PC; WESTCHESTER MEDICAL GROUP PC - INTERNAL MEDICINE; WESTCHESTER MEDICAL GROUP PC - LAB; WESTCHESTER MEDICAL GROUP PC - OB/GYN; WESTCHESTER MEDICAL GROUP PC - RADIOLOGY; WESTCHESTER MEDICAL GROUP, PC"
N,WMC,261244585,,WMC TYRONE LLC,6,0,WMC Tyrone (PA),WMC TYRONE LLC
N,WMC,812417340,,WMC HEALTH GROUP OF KISSIMMEE,2,0,WMC Health Group of Kissimmee (FL),WMC HEALTH GROUP OF KISSIMMEE
N,WMC,952019672,,WESTCHESTER MEDICAL GROUP,1,0,Westchester Medical Group (CA),WESTCHESTER MEDICAL GROUP
N,Northwell,550675666,,CABELL HUNTINGTON HOSPITAL,127,0,Cabell Huntington Hospital (WV),CABELL HUNTINGTON HOSPITAL
N,Northwell,470481628,,PHELPS MEMORIAL HLTH CTR,114,0,"Phelps Memorial Health Center, Holdrege NE (NPPES: all NPIs in Nebraska) -- not Northwell's Phelps Hospital",PHELPS MEMORIAL HLTH CTR
N,Northwell,932096172,,NORTHWELL HEALTH MEDICAL NJ PC,2,0,Northwell Health Medical NJ (out of state),NORTHWELL HEALTH MEDICAL NJ PC
N,Northwell,873549482,,TRUE NORTHWELLNESS PLLC,1,0,True Northwellness,TRUE NORTHWELLNESS PLLC
